2006-10-03 14:00:00,0.5831411781
2006-10-08 14:00:00,0.5154261066
2006-10-13 14:00:00,0.424896653
2006-10-18 14:00:00,0.4215566677
2006-10-23 14:00:00,0.7084541524
2006-10-28 14:00:00,0.506440836
2006-11-02 14:00:00,0.4428807662
2006-11-07 14:00:00,0.5903628602
2006-11-12 14:00:00,0.7215920262
2006-11-17 14:00:00,0.5202124113
2006-11-22 14:00:00,0.5464549233
2006-11-27 14:00:00,0.7392950644
2006-12-02 14:00:00,0.5131737352
2006-12-07 14:00:00,0.51236648
2006-12-12 14:00:00,0.5011693509
2006-12-17 14:00:00,0.5500112164
2006-12-22 14:00:00,0.4651329409
2006-12-27 14:00:00,0.3263739723
2007-01-01 14:00:00,0.2791794675
2007-01-06 14:00:00,0.4205507309
2007-01-11 14:00:00,0.5548044644
2007-01-16 14:00:00,0.61147218
2007-01-21 14:00:00,0.6238480159
2007-01-26 14:00:00,0.602914062
2007-01-31 14:00:00,0.5318666805
2007-02-05 14:00:00,0.5581058197
2007-02-10 14:00:00,0.5359359015
2007-02-15 14:00:00,0.4832600713
2007-02-20 14:00:00,0.5474968176
2007-02-25 14:00:00,0.6839594975
2007-03-02 14:00:00,0.5934698951
2007-03-07 14:00:00,0.5622943148
2007-03-12 14:00:00,0.5622639997
2007-03-17 14:00:00,0.4762490712
2007-03-22 14:00:00,0.5089876226
2007-03-27 14:00:00,0.5247026062
2007-04-01 14:00:00,0.522465407
2007-04-06 14:00:00,0.4974812329
2007-04-11 14:00:00,0.6427486246
2007-04-16 14:00:00,0.8269872566
2007-04-21 14:00:00,0.6770295462
2007-04-26 14:00:00,0.6233166666
2007-05-01 14:00:00,0.5644043859
2007-05-06 14:00:00,0.7651677388
2007-05-11 14:00:00,0.6834226337
2007-05-16 14:00:00,0.703334125
2007-05-21 14:00:00,0.807183403
2007-05-26 14:00:00,0.5847686782
2007-05-31 14:00:00,0.1744877367
2007-06-05 14:00:00,0.315777856
2007-06-10 14:00:00,0.5375351418
2007-06-15 14:00:00,0.6641469546
2007-06-20 14:00:00,0.710579276
2007-06-25 14:00:00,0.8894846793
2007-06-30 14:00:00,0.8464046738
2007-07-05 14:00:00,0.828787086
2007-07-10 14:00:00,0.9024619619
2007-07-15 14:00:00,0.8229715692
2007-07-20 14:00:00,0.7722021934
2007-07-25 14:00:00,0.7346452343
2007-07-30 14:00:00,0.8074779965
2007-08-04 14:00:00,0.8253025215
2007-08-09 14:00:00,0.6413491369
2007-08-14 14:00:00,0.7988952752
2007-08-19 14:00:00,0.860198432
2007-08-24 14:00:00,0.7528710607
2007-08-29 14:00:00,0.7210942798
2007-09-03 14:00:00,0.8568083115
2007-09-08 14:00:00,0.8265824881
2007-09-13 14:00:00,0.6827581527
2007-09-18 14:00:00,0.8758645153
2007-09-23 14:00:00,0.799288489
2007-09-28 14:00:00,0.8122785889
2007-10-03 14:00:00,0.8691105174
2007-10-08 14:00:00,0.9637066909
2007-10-13 14:00:00,0.8573745244
2007-10-18 14:00:00,0.9624220164
2007-10-23 14:00:00,1.013069305
2007-10-28 14:00:00,0.1973540249
2007-11-02 14:00:00,0.767546673
2007-11-07 14:00:00,0.9001910952
2007-11-12 14:00:00,0.989841977
2007-11-17 14:00:00,0.7791390161
2007-11-22 14:00:00,0.716207361
2007-11-27 14:00:00,0.9590457716
2007-12-02 14:00:00,0.8477589624
2007-12-07 14:00:00,0.8520892053
2007-12-12 14:00:00,0.7782321648
2007-12-17 14:00:00,0.7052428367
2007-12-22 14:00:00,0.4746559175
2007-12-27 14:00:00,0.3103392075
2008-01-01 14:00:00,0.3462731981
2008-01-06 14:00:00,0.6512969746
2008-01-11 14:00:00,0.5906070502
2008-01-16 14:00:00,0.7200340906
2008-01-21 14:00:00,0.7388347271
2008-01-26 14:00:00,0.5976032102
2008-01-31 14:00:00,0.5546905568
2008-02-05 14:00:00,0.6042125048
2008-02-10 14:00:00,0.5700380798
2008-02-15 14:00:00,0.562453779
2008-02-20 14:00:00,0.489995923
2008-02-25 14:00:00,0.6134257082
2008-03-01 14:00:00,0.4419229041
2008-03-06 14:00:00,0.3754215947
2008-03-11 14:00:00,0.4982864921
2008-03-16 14:00:00,0.4317562189
2008-03-21 14:00:00,0.3977970858
2008-03-26 14:00:00,0.5927120544
2008-03-31 14:00:00,0.6578475886
2008-04-05 14:00:00,0.6901665137
2008-04-10 14:00:00,0.6525631143
2008-04-15 14:00:00,0.8566826326
2008-04-20 14:00:00,0.8252232809
2008-04-25 14:00:00,0.709777346
2008-04-30 14:00:00,0.6835447788
2008-05-05 14:00:00,0.8231320674
2008-05-10 14:00:00,0.7996492163
2008-05-15 14:00:00,0.9309073323
2008-05-20 14:00:00,0.9016429338
2008-05-25 14:00:00,0.6791453091
2008-05-30 14:00:00,0.6144578406
2008-06-04 14:00:00,0.5803562761
2008-06-09 14:00:00,0.7315162561
2008-06-14 14:00:00,0.7359945204
2008-06-19 14:00:00,0.6770931958
2008-06-24 14:00:00,0.7497196058
2008-06-29 14:00:00,0.68359577
2008-07-04 14:00:00,0.3778968682
2008-07-09 14:00:00,0.7627863189
2008-07-14 14:00:00,0.9152939647
2008-07-19 14:00:00,0.6425727235
2008-07-24 14:00:00,0.6543685246
2008-07-29 14:00:00,0.6724882496
2008-08-03 14:00:00,0.7163661013
2008-08-08 14:00:00,0.624872356
2008-08-13 14:00:00,0.6524306746
2008-08-18 14:00:00,0.8812769108
2008-08-23 14:00:00,0.683997397
2008-08-28 14:00:00,0.6556519658
2008-09-02 14:00:00,0.5668679072
2008-09-07 14:00:00,0.1684484071
2008-09-12 14:00:00,0.6194127209
2008-09-17 14:00:00,0.6705055995
2008-09-22 14:00:00,0.7766751744
2008-09-27 14:00:00,0.7497353971
2008-10-02 14:00:00,0.7502938991
2008-10-07 14:00:00,0.8047884206
2008-10-12 14:00:00,0.8493661831
2008-10-17 14:00:00,0.8500779982
2008-10-22 14:00:00,0.9312834364
2008-10-27 14:00:00,1.057590255
2008-11-01 14:00:00,0.7463082517
2008-11-06 14:00:00,0.7792476168
2008-11-11 14:00:00,0.7852280141
2008-11-16 14:00:00,0.7651772905
2008-11-21 14:00:00,0.7285802308
2008-11-26 14:00:00,0.9261021554
2008-12-01 14:00:00,0.8955799798
2008-12-06 14:00:00,0.6556163059
2008-12-11 14:00:00,0.5749113436
2008-12-16 14:00:00,0.7526535765
2008-12-21 14:00:00,0.5978343643
2008-12-26 14:00:00,0.5988680107
2008-12-31 14:00:00,0.3686065623
2009-01-05 14:00:00,0.6234389448
2009-01-10 14:00:00,0.6910476867
2009-01-15 14:00:00,0.5984496802
2009-01-20 14:00:00,0.6175358222
2009-01-25 14:00:00,0.6354882018
2009-01-30 14:00:00,0.571821862
2009-02-04 14:00:00,0.6584485022
2009-02-09 14:00:00,0.6127343235
2009-02-14 14:00:00,0.6698656727
2009-02-19 14:00:00,0.5615913068
2009-02-24 14:00:00,0.612248442
2009-03-01 14:00:00,0.7527807985
2009-03-06 14:00:00,0.7375593394
2009-03-11 14:00:00,0.568721163
2009-03-16 14:00:00,0.5378507366
2009-03-21 14:00:00,0.535057115
2009-03-26 14:00:00,0.7185006393
2009-03-31 14:00:00,0.6106948351
2009-04-05 14:00:00,0.6287903622
2009-04-10 14:00:00,0.6295264026
2009-04-15 14:00:00,0.6660823316
2009-04-20 14:00:00,1.0408757609
2009-04-25 14:00:00,1.1601108204
2009-04-30 14:00:00,0.9762123169
2009-05-05 14:00:00,1.0772189874
2009-05-10 14:00:00,1.0660354013
2009-05-15 14:00:00,0.9628757161
2009-05-20 14:00:00,1.1001759777
2009-05-25 14:00:00,1.0851247418
2009-05-30 14:00:00,1.0290938768
2009-06-04 14:00:00,1.0610556816
2009-06-09 14:00:00,1.2004283482
2009-06-14 14:00:00,1.3184766555
2009-06-19 14:00:00,1.1700386447
2009-06-24 14:00:00,0.9569278571
2009-06-29 14:00:00,0.9908719303
2009-07-04 14:00:00,0.8768265504
2009-07-09 14:00:00,0.8020395529
2009-07-14 14:00:00,0.8164226503
2009-07-19 14:00:00,0.888844667
2009-07-24 14:00:00,0.8151896106
2009-07-29 14:00:00,0.7120690459
2009-08-03 14:00:00,0.725873956
2009-08-08 14:00:00,0.6105980916
2009-08-13 14:00:00,0.6479146154
2009-08-18 14:00:00,0.9041226393
2009-08-23 14:00:00,0.807542364
2009-08-28 14:00:00,0.6406765373
2009-09-02 14:00:00,0.6607043526
2009-09-07 14:00:00,0.8028641212
2009-09-12 14:00:00,0.8295679618
2009-09-17 14:00:00,0.8046139995
2009-09-22 14:00:00,0.9648818795
2009-09-27 14:00:00,1.1069032198
2009-10-02 14:00:00,0.945222452
2009-10-07 14:00:00,0.9977052407
2009-10-12 14:00:00,1.0457705686
2009-10-17 14:00:00,0.9261650357
2009-10-22 14:00:00,1.0058234412
2009-10-27 14:00:00,1.0862917386
2009-11-01 14:00:00,0.988154576
2009-11-06 14:00:00,1.1056764138
2009-11-11 14:00:00,1.0664328566
2009-11-16 14:00:00,1.2154577621
2009-11-21 14:00:00,0.7773982504
2009-11-26 14:00:00,0.6659024873
2009-12-01 14:00:00,0.8110130422
2009-12-06 14:00:00,0.8179363403
2009-12-11 14:00:00,0.757655269
2009-12-16 14:00:00,0.7821128777
2009-12-21 14:00:00,0.8640146067
2009-12-26 14:00:00,0.5833795192
2009-12-31 14:00:00,0.3958392925
2010-01-05 14:00:00,0.7227085191
2010-01-10 14:00:00,0.8069850258
2010-01-15 14:00:00,0.7686124065
2010-01-20 14:00:00,1.0321156759
2010-01-25 14:00:00,1.075462282
2010-01-30 14:00:00,0.7977459705
2010-02-04 14:00:00,0.6882006111
2010-02-09 14:00:00,0.9457400368
2010-02-14 14:00:00,1.0439541429
2010-02-19 14:00:00,0.9473981109
2010-02-24 14:00:00,0.9030213107
2010-03-01 14:00:00,0.8951720921
2010-03-06 14:00:00,0.873345049
2010-03-11 14:00:00,0.8362988765
2010-03-16 14:00:00,0.9689821468
2010-03-21 14:00:00,0.9173553924
2010-03-26 14:00:00,0.9340031425
2010-03-31 14:00:00,1.0141792144
2010-04-05 14:00:00,1.0780664422
2010-04-10 14:00:00,1.1507441342
2010-04-15 14:00:00,1.0278553306
2010-04-20 14:00:00,1.1633726613
2010-04-25 14:00:00,1.070671697
2010-04-30 14:00:00,1.0325282234
2010-05-05 14:00:00,1.1592894091
2010-05-10 14:00:00,1.2618406599
2010-05-15 14:00:00,1.2061639999
2010-05-20 14:00:00,1.0942067281
2010-05-25 14:00:00,1.1292556501
2010-05-30 14:00:00,1.1031506631
2010-06-04 14:00:00,1.0841959743
2010-06-09 14:00:00,0.9405167201
2010-06-14 14:00:00,1.1866931234
2010-06-19 14:00:00,1.324690878
2010-06-24 14:00:00,1.2789428813
2010-06-29 14:00:00,1.2706372076
2010-07-04 14:00:00,1.351976826
2010-07-09 14:00:00,1.2591676013
2010-07-14 14:00:00,1.2348627648
2010-07-19 14:00:00,1.2790510846
2010-07-24 14:00:00,1.2398237487
2010-07-29 14:00:00,1.1343396114
2010-08-03 14:00:00,1.1083180974
2010-08-08 14:00:00,1.0681677046
2010-08-13 14:00:00,1.0355242455
2010-08-18 14:00:00,1.2499403192
2010-08-23 14:00:00,1.2703204711
2010-08-28 14:00:00,1.183716044
2010-09-02 14:00:00,1.157817893
2010-09-07 14:00:00,1.3577174773
2010-09-12 14:00:00,1.2603355078
2010-09-17 14:00:00,1.1308766691
2010-09-22 14:00:00,0.9587336075
2010-09-27 14:00:00,1.2769572061
2010-10-02 14:00:00,0.9764976692
2010-10-07 14:00:00,1.3743833102
2010-10-12 14:00:00,1.3547304389
2010-10-17 14:00:00,1.4445786459
2010-10-22 14:00:00,1.3777519629
2010-10-27 14:00:00,1.4335153491
2010-11-01 14:00:00,0.5526044466
2010-11-06 14:00:00,0.2235564787
2010-11-11 14:00:00,1.3351403618
2010-11-16 14:00:00,1.5262735754
2010-11-21 14:00:00,1.8198244778
2010-11-26 14:00:00,1.4928998303
2010-12-01 14:00:00,1.4823080796
2010-12-06 14:00:00,1.5667227963
2010-12-11 14:00:00,1.2974925746
2010-12-16 14:00:00,1.2871124269
2010-12-21 14:00:00,1.3581060209
2010-12-26 14:00:00,1.2742830484
2010-12-31 14:00:00,0.8352367766
2011-01-05 14:00:00,1.2202232864
2011-01-10 14:00:00,1.2754329533
2011-01-15 14:00:00,1.4512869737
2011-01-20 14:00:00,1.628856648
2011-01-25 14:00:00,1.665912458
2011-01-30 14:00:00,1.7108891673
2011-02-04 14:00:00,1.4427058875
2011-02-09 14:00:00,1.2884909021
2011-02-14 14:00:00,1.5288441342
2011-02-19 14:00:00,1.3070412149
2011-02-24 14:00:00,1.6461289659
2011-03-01 14:00:00,1.7889410856
2011-03-06 14:00:00,1.6585527351
2011-03-11 14:00:00,0.89790587
2011-03-16 14:00:00,0.839552182
2011-03-21 14:00:00,0.8895047173
2011-03-26 14:00:00,1.0648787376
2011-03-31 14:00:00,2.5183077862
2011-04-05 14:00:00,1.387250044
2011-04-10 14:00:00,1.4174767435
2011-04-15 14:00:00,1.2567963793
2011-04-20 14:00:00,1.1431145208
2011-04-25 14:00:00,1.5026994826
2011-04-30 14:00:00,1.3384029172
2011-05-05 14:00:00,1.6307793861
2011-05-10 14:00:00,1.5610285231
2011-05-15 14:00:00,1.6823584809
2011-05-20 14:00:00,1.6592651527
2011-05-25 14:00:00,1.7961704713
2011-05-30 14:00:00,1.8452441787
2011-06-04 14:00:00,1.5842119343
2011-06-09 14:00:00,1.4612704317
2011-06-14 14:00:00,1.5108011195
2011-06-19 14:00:00,1.4820081569
2011-06-24 14:00:00,1.5392879107
2011-06-29 14:00:00,1.3511442368
2011-07-04 14:00:00,1.418086411
2011-07-09 14:00:00,1.6121500354
2011-07-14 14:00:00,1.6360184007
2011-07-19 14:00:00,1.6002825849
2011-07-24 14:00:00,1.5681689377
2011-07-29 14:00:00,1.46984182
2011-08-03 14:00:00,1.5366607121
2011-08-08 14:00:00,1.6066995979
2011-08-13 14:00:00,1.515917113
2011-08-18 14:00:00,1.4249805806
2011-08-23 14:00:00,1.5027855541
2011-08-28 14:00:00,1.1453720539
2011-09-02 14:00:00,1.113505888
2011-09-07 14:00:00,1.1385316528
2011-09-12 14:00:00,1.4268591625
2011-09-17 14:00:00,1.1193183743
2011-09-22 14:00:00,1.3026867403
2011-09-27 14:00:00,1.5540051082
2011-10-02 14:00:00,1.7034447191
2011-10-07 14:00:00,1.3121188116
2011-10-12 14:00:00,1.3135958441
2011-10-17 14:00:00,1.5523218268
2011-10-22 14:00:00,1.2933970463
2011-10-27 14:00:00,1.2555715213
2011-11-01 14:00:00,1.4074087364
2011-11-06 14:00:00,1.6045996864
2011-11-11 14:00:00,1.3614856397
2011-11-16 14:00:00,1.6131427768
2011-11-21 14:00:00,1.5188750733
2011-11-26 14:00:00,1.6415216726
2011-12-01 14:00:00,1.3728256531
2011-12-06 14:00:00,1.5808515538
2011-12-11 14:00:00,1.5038126102
2011-12-16 14:00:00,1.5795802581
2011-12-21 14:00:00,1.2888919714
2011-12-26 14:00:00,1.335179193
2011-12-31 14:00:00,1.0085735857
2012-01-05 14:00:00,1.4972025705
2012-01-10 14:00:00,1.3450840067
2012-01-15 14:00:00,1.5527402196
2012-01-20 14:00:00,1.3416250791
2012-01-25 14:00:00,1.5016275559
2012-01-30 14:00:00,1.5661281354
2012-02-04 14:00:00,1.3149465439
2012-02-09 14:00:00,1.2518604962
2012-02-14 14:00:00,1.4652966402
2012-02-19 14:00:00,1.2263623606
2012-02-24 14:00:00,1.6250717958
2012-02-29 14:00:00,1.419632461
2012-03-05 14:00:00,1.3945857688
2012-03-10 14:00:00,1.3785344731
2012-03-15 14:00:00,1.361364865
2012-03-20 14:00:00,1.4014054178
2012-03-25 14:00:00,1.3931922384
2012-03-30 14:00:00,1.3374975122
2012-04-04 14:00:00,1.0943579114
2012-04-09 14:00:00,1.4015015564
2012-04-14 14:00:00,1.6918073414
2012-04-19 14:00:00,1.520624096
2012-04-24 14:00:00,1.4828892958
2012-04-29 14:00:00,1.2914415134
2012-05-04 14:00:00,1.3331499081
2012-05-09 14:00:00,1.5651053067
2012-05-14 14:00:00,1.6150767618
2012-05-19 14:00:00,0.9232750502
2012-05-24 14:00:00,1.5200408862
2012-05-29 14:00:00,1.5560247566
2012-06-03 14:00:00,1.707561503
2012-06-08 14:00:00,1.4862779792
2012-06-13 14:00:00,1.4127744301
2012-06-18 14:00:00,1.3842306453
2012-06-23 14:00:00,1.4662659934
2012-06-28 14:00:00,1.2652970505
2012-07-03 14:00:00,1.6465678201
2012-07-08 14:00:00,1.3834793067
2012-07-13 14:00:00,1.6531933063
2012-07-18 14:00:00,1.5013533501
2012-07-23 14:00:00,1.7416382965
2012-07-28 14:00:00,1.5225120986
2012-08-02 14:00:00,1.4654902779
2012-08-07 14:00:00,1.4490133175
2012-08-12 14:00:00,1.6278063058
2012-08-17 14:00:00,1.5634239473
2012-08-22 14:00:00,1.7036792603
2012-08-27 14:00:00,1.9825542594
2012-09-01 14:00:00,1.5395744036
2012-09-06 14:00:00,1.3239051062
2012-09-11 14:00:00,1.0196002839
2012-09-16 14:00:00,1.2063381933
2012-09-21 14:00:00,1.2135602191
2012-09-26 14:00:00,1.3570906446
2012-10-01 14:00:00,1.5671623666
2012-10-06 14:00:00,1.4498994828
2012-10-11 14:00:00,1.3507562554
2012-10-16 14:00:00,1.1712332678
2012-10-21 14:00:00,1.2653081347
2012-10-26 14:00:00,0.8009413477
2012-10-31 14:00:00,1.1422194245
2012-11-05 14:00:00,1.4277848224
2012-11-10 14:00:00,1.1085936909
2012-11-15 14:00:00,1.393201999
2012-11-20 14:00:00,1.1200190261
2012-11-25 14:00:00,1.2193805185
2012-11-30 14:00:00,1.1988453092
2012-12-05 14:00:00,1.309462158
2012-12-10 14:00:00,1.4297788669
2012-12-15 14:00:00,1.1791448867
2012-12-20 14:00:00,1.1258396371
2012-12-25 14:00:00,1.0097717133
2012-12-30 14:00:00,0.5709274862
2013-01-04 14:00:00,1.0143180402
2013-01-09 14:00:00,1.2282460531
2013-01-14 14:00:00,1.0878171772
2013-01-19 14:00:00,1.0023748488
2013-01-24 14:00:00,0.8863263856
2013-01-29 14:00:00,0.9812874335
2013-02-03 14:00:00,0.8512409324
2013-02-08 14:00:00,0.891716725
2013-02-13 14:00:00,0.9820587649
2013-02-18 14:00:00,1.1199061896
2013-02-23 14:00:00,0.4461602399
2013-02-28 14:00:00,0.8520623381
2013-03-05 14:00:00,1.0542495087
2013-03-10 14:00:00,1.2364741478
2013-03-15 14:00:00,0.8669520375
2013-03-20 14:00:00,0.9113442418
2013-03-25 14:00:00,1.1044408052
2013-03-30 14:00:00,1.4668856497
2013-04-04 14:00:00,1.1779777036
2013-04-09 14:00:00,1.4865612805
2013-04-14 14:00:00,1.7401300821
2013-04-19 14:00:00,1.5511578315
2013-04-24 14:00:00,1.3441395621
2013-04-29 14:00:00,1.1706000446
2013-05-04 14:00:00,1.0866510876
2013-05-09 14:00:00,1.3750569517
2013-05-14 14:00:00,1.7056899959
2013-05-19 14:00:00,1.6014891072
2013-05-24 14:00:00,1.3415413199
2013-05-29 14:00:00,1.5899316855
2013-06-03 14:00:00,1.8474360783
2013-06-08 14:00:00,1.5508577374
2013-06-13 14:00:00,1.9943299573
2013-06-18 14:00:00,1.5344345669
2013-06-23 14:00:00,1.8775056456
2013-06-28 14:00:00,1.6030026759
2013-07-03 14:00:00,1.6787649325
2013-07-08 14:00:00,1.9639935907
2013-07-13 14:00:00,1.3318162429
2013-07-18 14:00:00,1.3940697708
2013-07-23 14:00:00,1.4632784146
2013-07-28 14:00:00,1.3847324537
2013-08-02 14:00:00,1.0324653181
2013-08-07 14:00:00,0.881370766
2013-08-12 14:00:00,0.8750388844
2013-08-17 14:00:00,1.1651668261
2013-08-22 14:00:00,1.2776902561
2013-08-27 14:00:00,1.1831346474
2013-09-01 14:00:00,1.2239805821
2013-09-06 14:00:00,1.2594444196
2013-09-11 14:00:00,1.4524391923
2013-09-16 14:00:00,1.4475616339
2013-09-21 14:00:00,1.7311507491
2013-09-26 14:00:00,1.4912708497
2013-10-01 14:00:00,1.7319685507
2013-10-06 14:00:00,2.0017385531
2013-10-11 14:00:00,1.7846987867
2013-10-16 14:00:00,1.5865413949
2013-10-21 14:00:00,2.7955591563
2013-10-26 14:00:00,1.7440777643
2013-10-31 14:00:00,1.616396931
2013-11-05 14:00:00,1.9500912275
2013-11-10 14:00:00,2.3365886261
2013-11-15 14:00:00,2.0058050889
2013-11-20 14:00:00,2.0488491981
2013-11-25 14:00:00,2.5933142276
2013-11-30 14:00:00,1.9714362738
2013-12-05 14:00:00,1.6877684125
2013-12-10 14:00:00,2.3630190133
2013-12-15 14:00:00,2.3110754121
2013-12-20 14:00:00,2.1104816778
2013-12-25 14:00:00,1.7133016422
2013-12-30 14:00:00,1.0820385598
2014-01-04 14:00:00,2.9929898004
2014-01-09 14:00:00,1.8930279678
2014-01-14 14:00:00,2.6852026147
2014-01-19 14:00:00,2.6052031989
2014-01-24 14:00:00,2.3772361315
2014-01-29 14:00:00,2.0218105656
2014-02-03 14:00:00,2.7785629193
2014-02-08 14:00:00,1.9116851947
2014-02-13 14:00:00,1.7645672892
2014-02-18 14:00:00,1.7389999305
2014-02-23 14:00:00,1.8542595294
2014-02-28 14:00:00,1.6481235044
2014-03-05 14:00:00,1.9189214336
2014-03-10 14:00:00,2.0903993864
2014-03-15 14:00:00,1.6716630633
2014-03-20 14:00:00,1.580668012
2014-03-25 14:00:00,1.9153583971
2014-03-30 14:00:00,1.6643576797
2014-04-04 14:00:00,1.7411617976
2014-04-09 14:00:00,2.5282597156
2014-04-14 14:00:00,3.0796413491
2014-04-19 14:00:00,2.5887082009
2014-04-24 14:00:00,2.3511505801
2014-04-29 14:00:00,1.8207705753
2014-05-04 14:00:00,1.895260464
2014-05-09 14:00:00,2.2551058319
2014-05-14 14:00:00,2.482172069
2014-05-19 14:00:00,2.7440741291
2014-05-24 14:00:00,2.2651886139
2014-05-29 14:00:00,2.1018693613
2014-06-03 14:00:00,2.6919221453
2014-06-08 14:00:00,2.8319711423
2014-06-13 14:00:00,2.377385736
2014-06-18 14:00:00,2.3761561101
2014-06-23 14:00:00,2.8951298881
2014-06-28 14:00:00,2.5828187169
2014-07-03 14:00:00,2.5926564126
2014-07-08 14:00:00,3.2777835657
2014-07-13 14:00:00,2.6656068485
2014-07-18 14:00:00,1.7720149601
2014-07-23 14:00:00,2.0194990702
2014-07-28 14:00:00,2.5181037966
2014-08-02 14:00:00,2.1886474195
2014-08-07 14:00:00,1.0735457962
2014-08-12 14:00:00,1.5040593902
2014-08-17 14:00:00,2.0732894295
2014-08-22 14:00:00,1.7464227547
2014-08-27 14:00:00,1.9262282716
2014-09-01 14:00:00,2.2035081023
2014-09-06 14:00:00,1.8147525399
2014-09-11 14:00:00,2.0020248045
2014-09-16 14:00:00,2.5807639651
2014-09-21 14:00:00,2.1470636252
2014-09-26 14:00:00,2.2372867763
2014-10-01 14:00:00,2.6530978973
2014-10-06 14:00:00,2.8732265931
2014-10-11 14:00:00,2.442027271
2014-10-16 14:00:00,2.8907361475
2014-10-21 14:00:00,3.1320870319
2014-10-26 14:00:00,3.1308446805
2014-10-31 14:00:00,2.5451539083
2014-11-05 14:00:00,2.5022483747
2014-11-10 14:00:00,3.487154827
2014-11-15 14:00:00,2.8636219556
2014-11-20 14:00:00,2.8863540428
2014-11-25 14:00:00,3.0257483084
2014-11-30 14:00:00,3.1481685467
2014-12-05 14:00:00,2.3698201536
2014-12-10 14:00:00,2.7234556766
2014-12-15 14:00:00,3.4266503278
2014-12-20 14:00:00,1.9467813386
2014-12-25 14:00:00,1.694762897
2014-12-30 14:00:00,0.9555254138
2015-01-04 14:00:00,2.3974377854
2015-01-09 14:00:00,1.9269011158
2015-01-14 14:00:00,2.7686283922
2015-01-19 14:00:00,2.3068196853
2015-01-24 14:00:00,2.6118476129
2015-01-29 14:00:00,2.3232784521
2015-02-03 14:00:00,2.7082352995
2015-02-08 14:00:00,1.8721663476
2015-02-13 14:00:00,1.2226228743
2015-02-18 14:00:00,1.7741154131
2015-02-23 14:00:00,2.0792491565
2015-02-28 14:00:00,2.0225524035
2015-03-05 14:00:00,1.4218735596
2015-03-10 14:00:00,2.3231648548
2015-03-15 14:00:00,2.0425162941
2015-03-20 14:00:00,2.1566073998
2015-03-25 14:00:00,1.734251406
2015-03-30 14:00:00,2.4220822137
2015-04-04 14:00:00,2.6798855957
2015-04-09 14:00:00,3.0478020014
2015-04-14 14:00:00,4.3518690033
2015-04-19 14:00:00,3.6199661537
2015-04-24 14:00:00,3.6307798645
2015-04-29 14:00:00,2.8486263954
2015-05-04 14:00:00,2.348089104
2015-05-09 14:00:00,2.9060951036
2015-05-14 14:00:00,3.0073969829
2015-05-19 14:00:00,3.205717864
2015-05-24 14:00:00,3.2355676558
2015-05-29 14:00:00,3.7814397459
2015-06-03 14:00:00,4.5636569358
2015-06-08 14:00:00,5.3275026027
2015-06-13 14:00:00,4.433113256
2015-06-18 14:00:00,4.7673882284
2015-06-23 14:00:00,5.1089546909
2015-06-28 14:00:00,5.1167620801
2015-07-03 14:00:00,4.79632065
2015-07-08 14:00:00,5.0847617577
2015-07-13 14:00:00,4.2908343172
2015-07-18 14:00:00,4.7443490353
2015-07-23 14:00:00,4.6368705254
2015-07-28 14:00:00,4.8217025074
2015-08-02 14:00:00,4.9461871802
2015-08-07 14:00:00,4.3867015098
2015-08-12 14:00:00,4.2600353325
2015-08-17 14:00:00,5.1994960045
2015-08-22 14:00:00,4.5358298385
2015-08-27 14:00:00,4.6809716971
2015-09-01 14:00:00,4.1201208592
2015-09-06 14:00:00,3.1148636311
2015-09-11 14:00:00,3.603543311
2015-09-16 14:00:00,3.3430325292
2015-09-21 14:00:00,5.186170615
2015-09-26 14:00:00,4.3832959539
2015-10-01 14:00:00,3.8330181723
2015-10-06 14:00:00,4.0568619769
2015-10-11 14:00:00,4.1729743949
2015-10-16 14:00:00,3.1979681554
2015-10-21 14:00:00,3.6885513327
2015-10-26 14:00:00,4.0652771616
2015-10-31 14:00:00,2.7995076126
2015-11-05 14:00:00,2.8982873786
2015-11-10 14:00:00,4.7162583358
2015-11-15 14:00:00,4.27893431
2015-11-20 14:00:00,1.877080515
2015-11-25 14:00:00,3.1208517775
2015-11-30 14:00:00,3.7473928666
2015-12-05 14:00:00,3.7833728599
2015-12-10 14:00:00,4.1121835793
2015-12-15 14:00:00,4.1535687553
2015-12-20 14:00:00,3.1598534862
2015-12-25 14:00:00,1.8941492187
2015-12-30 14:00:00,1.6773408265
2016-01-04 14:00:00,2.4083668465
2016-01-09 14:00:00,3.1063266121
2016-01-14 14:00:00,3.0000898276
2016-01-19 14:00:00,4.4187000921
2016-01-24 14:00:00,4.0959314207
2016-01-29 14:00:00,3.1672093146
2016-02-03 14:00:00,3.294525326
2016-02-08 14:00:00,3.5008301722
2016-02-13 14:00:00,2.7633603506
2016-02-18 14:00:00,2.5954888731
2016-02-23 14:00:00,2.7275488881
2016-02-28 14:00:00,2.8209571309
2016-03-04 14:00:00,2.5694400761
2016-03-09 14:00:00,2.1583681218
2016-03-14 14:00:00,2.3255198069
2016-03-19 14:00:00,2.4503430746
2016-03-24 14:00:00,1.7590695301
2016-03-29 14:00:00,1.5463718321
2016-04-03 14:00:00,3.2805946456
2016-04-08 14:00:00,3.4443901402
2016-04-13 14:00:00,1.7977621802
2016-04-18 14:00:00,2.7898548903
2016-04-23 14:00:00,2.3637901205
2016-04-28 14:00:00,1.7569671365
2016-05-03 14:00:00,1.4040991541
2016-05-08 14:00:00,2.7817252903
2016-05-13 14:00:00,2.5458199024
2016-05-18 14:00:00,2.6405995125
2016-05-23 14:00:00,3.0564868669
2016-05-28 14:00:00,2.946288714
2016-06-02 14:00:00,2.8711042423
2016-06-07 14:00:00,2.9101790444
2016-06-12 14:00:00,2.7509998798
2016-06-17 14:00:00,3.0666960572
2016-06-22 14:00:00,1.6761422476
2016-06-27 14:00:00,4.2412741551
2016-07-02 14:00:00,3.0690406222
2016-07-07 14:00:00,2.529607198
2016-07-12 14:00:00,2.8529512623
2016-07-17 14:00:00,3.045671296
2016-07-22 14:00:00,2.868744699
2016-07-27 14:00:00,2.8514581536
2016-08-01 14:00:00,1.9262310968
2016-08-06 14:00:00,2.0993774741
2016-08-11 14:00:00,2.0662591859
2016-08-16 14:00:00,2.0866903091
2016-08-21 14:00:00,2.4194318716
2016-08-26 14:00:00,2.3150139494
2016-08-31 14:00:00,2.4916971196
2016-09-05 14:00:00,2.8050274808
2016-09-10 14:00:00,2.9552011382
2016-09-15 14:00:00,2.6625480696
2016-09-20 14:00:00,3.0329719685
2016-09-25 14:00:00,3.5811245617
2016-09-30 14:00:00,3.360143146
2016-10-05 14:00:00,3.4703552781
2016-10-10 14:00:00,3.8320840493
2016-10-15 14:00:00,2.1490920353
2016-10-20 14:00:00,2.9083797811
2016-10-25 14:00:00,3.8182687966
2016-10-30 14:00:00,2.717407404
2016-11-04 14:00:00,3.2667136793
2016-11-09 14:00:00,3.4780804081
2016-11-14 14:00:00,4.3848442647
2016-11-19 14:00:00,3.0809174559
2016-11-24 14:00:00,2.8407828141
2016-11-29 14:00:00,4.0966686653
2016-12-04 14:00:00,3.4990051196
2016-12-09 14:00:00,3.4591355953
2016-12-14 14:00:00,3.5327831145
2016-12-19 14:00:00,3.6915185233
2016-12-24 14:00:00,2.5967249853
2016-12-29 14:00:00,1.871112946
2017-01-03 14:00:00,2.5610748381
2017-01-08 14:00:00,3.4985566445
2017-01-13 14:00:00,2.7977168293
2017-01-18 14:00:00,3.9483908356
2017-01-23 14:00:00,3.7264422525
2017-01-28 14:00:00,3.1301276304
2017-02-02 14:00:00,3.2530121478
2017-02-07 14:00:00,3.7294561887
2017-02-12 14:00:00,4.086495931
2017-02-17 14:00:00,3.2322286097
2017-02-22 14:00:00,4.1428128893
2017-02-27 14:00:00,2.2585962127
2017-03-04 14:00:00,3.5767173282
2017-03-09 14:00:00,3.7738709549
2017-03-14 14:00:00,3.8356511564
2017-03-19 14:00:00,3.6205900375
2017-03-24 14:00:00,3.5436597143
2017-03-29 14:00:00,3.9202255881
2017-04-03 14:00:00,4.1469928648
2017-04-08 14:00:00,4.3040806485
2017-04-13 14:00:00,4.5479639632
2017-04-18 14:00:00,4.9473028522
2017-04-23 14:00:00,4.9787770131
2017-04-28 14:00:00,4.2136969941
2017-05-03 14:00:00,3.0613472397
2017-05-08 14:00:00,5.4103013747
2017-05-13 14:00:00,4.7651115642
2017-05-18 14:00:00,4.8622987236
2017-05-23 14:00:00,5.2602325451
2017-05-28 14:00:00,5.1882141237
2017-06-02 14:00:00,4.7254867156
2017-06-07 14:00:00,4.8393047402
2017-06-12 14:00:00,5.4674446131
2017-06-17 14:00:00,4.6598770393
2017-06-22 14:00:00,4.6266105911
2017-06-27 14:00:00,5.0541096868
2017-07-02 14:00:00,5.1330566455
2017-07-07 14:00:00,4.5657111491
2017-07-12 14:00:00,4.7083390117
2017-07-17 14:00:00,5.3450315526
2017-07-22 14:00:00,4.4746213226
2017-07-27 14:00:00,4.0651360509
2017-08-01 14:00:00,3.4338637913
2017-08-06 14:00:00,3.2238226753
2017-08-11 14:00:00,2.3437788176
2017-08-16 14:00:00,3.2929078343
2017-08-21 14:00:00,4.3879042556
2017-08-26 14:00:00,3.6746101478
2017-08-31 14:00:00,3.3906060102
2017-09-05 14:00:00,3.3121307789
2017-09-10 14:00:00,3.578198823
2017-09-15 14:00:00,3.4293318794
2017-09-20 14:00:00,3.7442502932
2017-09-25 14:00:00,5.2848365326
2017-09-30 14:00:00,4.3586802052
2017-10-05 14:00:00,4.2543491491
2017-10-10 14:00:00,4.7019927083
2017-10-15 14:00:00,4.6704832501
2017-10-20 14:00:00,3.9657405002
2017-10-25 14:00:00,4.1191232432
2017-10-30 14:00:00,4.9966914166
2017-11-04 14:00:00,4.3752936924
2017-11-09 14:00:00,4.5628880837
2017-11-14 14:00:00,5.0349209969
2017-11-19 14:00:00,4.3774979425
2017-11-24 14:00:00,3.9145785331
2017-11-29 14:00:00,4.253956871
2017-12-04 14:00:00,5.3647425339
2017-12-09 14:00:00,4.6533859442
2017-12-14 14:00:00,4.9975499924
2017-12-19 14:00:00,4.8829232723
2017-12-24 14:00:00,3.4724610386
