2007-06-06 02:00:00,6.18640181
2007-06-06 02:05:00,6.65367787
2007-06-06 02:10:00,6.1299384
2007-06-06 02:15:00,5.63493591
2007-06-06 02:20:00,9.41574967
2007-06-06 02:25:00,6.20584533
2007-06-06 02:30:00,5.79623406
2007-06-06 02:35:00,6.64027836
2007-06-06 02:40:00,6.34403549
2007-06-06 02:45:00,6.37114054
2007-06-06 02:50:00,5.75097244
2007-06-06 02:55:00,6.45659536
2007-06-06 03:00:00,6.41348952
2007-06-06 03:05:00,7.04611308
2007-06-06 03:10:00,6.8326406
2007-06-06 03:15:00,6.02670722
2007-06-06 03:20:00,5.8243062
2007-06-06 03:25:00,6.24137003
2007-06-06 03:30:00,6.36455443
2007-06-06 03:35:00,6.67101301
2007-06-06 03:40:00,6.72218592
2007-06-06 03:45:00,7.35694341
2007-06-06 03:50:00,7.30005947
2007-06-06 03:55:00,7.12062778
2007-06-06 04:00:00,6.77534631
2007-06-06 04:05:00,7.03289055
2007-06-06 04:10:00,6.80326205
2007-06-06 04:15:00,6.08815721
2007-06-06 04:20:00,7.68083157
2007-06-06 04:25:00,6.60967944
2007-06-06 04:30:00,6.89675173
2007-06-06 04:35:00,7.35189341
2007-06-06 04:40:00,6.03683293
2007-06-06 04:45:00,6.46872305
2007-06-06 04:50:00,7.32801225
2007-06-06 04:55:00,7.8866199
2007-06-06 05:00:00,7.49156195
2007-06-06 05:05:00,6.51393262
2007-06-06 05:10:00,7.29247754
2007-06-06 05:15:00,6.36876792
2007-06-06 05:20:00,6.8084757
2007-06-06 05:25:00,7.15437775
2007-06-06 05:30:00,7.16919209
2007-06-06 05:35:00,7.84283362
2007-06-06 05:40:00,6.59380835
2007-06-06 05:45:00,6.75839372
2007-06-06 05:50:00,7.27091432
2007-06-06 05:55:00,7.05270694
2007-06-06 06:00:00,7.93307417
2007-06-06 06:05:00,7.40866603
2007-06-06 06:10:00,7.03877773
2007-06-06 06:15:00,6.42164645
2007-06-06 06:20:00,6.30064294
2007-06-06 06:25:00,8.53635911
2007-06-06 06:30:00,6.21068226
2007-06-06 06:35:00,6.78944714
2007-06-06 06:40:00,6.45548254
2007-06-06 06:45:00,7.00393774
2007-06-06 06:50:00,6.96659909
2007-06-06 06:55:00,6.93648229
2007-06-06 07:00:00,6.44729085
2007-06-06 07:05:00,6.23990551
2007-06-06 07:10:00,6.01489813
2007-06-06 07:15:00,5.86311343
2007-06-06 07:20:00,5.91498682
2007-06-06 07:25:00,6.20368004
2007-06-06 07:30:00,6.56029364
2007-06-06 07:35:00,6.60187361
2007-06-06 07:40:00,6.94511382
2007-06-06 07:45:00,6.6020104
2007-06-06 07:50:00,6.7920454
2007-06-06 07:55:00,6.21909093
2007-06-06 08:00:00,5.20389859
2007-06-06 08:05:00,4.51253283
2007-06-06 08:10:00,4.59961884
2007-06-06 08:15:00,4.79758493
2007-06-06 08:20:00,4.34036528
2007-06-06 08:25:00,4.75168718
2007-06-06 08:30:00,4.19846948
2007-06-06 08:35:00,3.26293183
2007-06-06 08:40:00,2.89282791
2007-06-06 08:45:00,3.66591053
2007-06-06 08:50:00,2.73582625
2007-06-06 08:55:00,3.29356264
2007-06-06 09:00:00,3.55652465
2007-06-06 09:05:00,3.99944226
2007-06-06 09:10:00,3.7245842
2007-06-06 09:15:00,2.69205884
2007-06-06 09:20:00,3.37699346
2007-06-06 09:25:00,3.04625873
2007-06-06 09:30:00,4.12577086
2007-06-06 09:35:00,6.29751599
2007-06-06 09:40:00,4.6244894
2007-06-06 09:45:00,4.48399281
2007-06-06 09:50:00,4.05814036
2007-06-06 09:55:00,3.85032822
2007-06-06 10:00:00,3.91883432
2007-06-06 10:05:00,4.15539057
2007-06-06 10:10:00,3.85405933
2007-06-06 10:15:00,4.93087001
2007-06-06 10:20:00,4.79385019
2007-06-06 10:25:00,4.55996479
2007-06-06 10:30:00,5.09105541
2007-06-06 10:35:00,4.46512489
2007-06-06 10:40:00,4.24648252
2007-06-06 10:45:00,4.44540102
2007-06-06 10:50:00,5.65739736
2007-06-06 10:55:00,4.35624309
2007-06-06 11:00:00,4.84025772
2007-06-06 11:05:00,3.92203846
2007-06-06 11:10:00,3.74239468
2007-06-06 11:15:00,4.07319856
2007-06-06 11:20:00,4.58103104
2007-06-06 11:25:00,4.98339671
2007-06-06 11:30:00,4.61967695
2007-06-06 11:35:00,4.46480216
2007-06-06 11:40:00,4.85489831
2007-06-06 11:45:00,4.06733551
2007-06-06 11:50:00,3.80055732
2007-06-06 11:55:00,3.75280062
2007-06-06 12:00:00,3.88199523
2007-06-06 12:05:00,2.89523307
2007-06-06 12:10:00,3.56722798
2007-06-06 12:15:00,3.25079859
2007-06-06 12:20:00,3.53253908
2007-06-06 12:25:00,3.04759835
2007-06-06 12:30:00,2.64150209
2007-06-06 12:35:00,3.020767
2007-06-06 12:40:00,2.82798791
2007-06-06 12:45:00,3.08262012
2007-06-06 12:50:00,2.91780654
2007-06-06 12:55:00,2.85015894
2007-06-06 13:00:00,2.77597618
2007-06-06 13:05:00,3.80294916
2007-06-06 13:10:00,4.35311202
2007-06-06 13:15:00,2.46991697
2007-06-06 13:20:00,2.4433007
2007-06-06 13:25:00,2.11546261
2007-06-06 13:30:00,2.75237021
2007-06-06 13:35:00,2.18646701
2007-06-06 13:40:00,2.24743973
2007-06-06 13:45:00,2.35248976
2007-06-06 13:50:00,1.87143283
2007-06-06 13:55:00,1.77094155
2007-06-06 14:00:00,2.28730677
2007-06-06 14:05:00,2.18527992
2007-06-06 14:10:00,2.34266987
2007-06-06 14:15:00,1.87752583
2007-06-06 14:20:00,1.82628844
2007-06-06 14:25:00,1.85307253
2007-06-06 14:30:00,1.80868522
2007-06-06 14:35:00,1.54913315
2007-06-06 14:40:00,2.17620559
2007-06-06 14:45:00,1.75984561
2007-06-06 14:50:00,1.99304589
2007-06-06 14:55:00,2.06697226
2007-06-06 15:00:00,2.68943928
2007-06-06 15:05:00,2.81037911
2007-06-06 15:10:00,2.47221162
2007-06-06 15:15:00,2.36287035
2007-06-06 15:20:00,2.25545948
2007-06-06 15:25:00,1.73711288
2007-06-06 15:30:00,1.46129905
2007-06-06 15:35:00,1.53555632
2007-06-06 15:40:00,1.53853316
2007-06-06 15:45:00,1.45239697
2007-06-06 15:50:00,1.79781734
2007-06-06 15:55:00,1.57050597
2007-06-06 16:00:00,1.60421591
2007-06-06 16:05:00,1.22850079
2007-06-06 16:10:00,1.26692433
2007-06-06 16:15:00,1.18554073
2007-06-06 16:20:00,1.15117327
2007-06-06 16:25:00,0.88162197
2007-06-06 16:30:00,1.21298047
2007-06-06 16:35:00,1.19197061
2007-06-06 16:40:00,1.50229264
2007-06-06 16:45:00,1.27228788
2007-06-06 16:50:00,1.16869439
2007-06-06 16:55:00,0.69725476
2007-06-06 17:00:00,1.35847006
2007-06-06 17:05:00,1.21579034
2007-06-06 17:10:00,1.13247914
2007-06-06 17:15:00,0.90693532
2007-06-06 17:20:00,1.00883409
2007-06-06 17:25:00,0.93652007
2007-06-06 17:30:00,0.99820392
2007-06-06 17:35:00,0.92225027
2007-06-06 17:40:00,1.07591865
2007-06-06 17:45:00,1.19420526
2007-06-06 17:50:00,0.69511052
2007-06-06 17:55:00,0.81109674
2007-06-06 18:00:00,0.8593318
2007-06-06 18:05:00,0.73515584
2007-06-06 18:10:00,0.82802524
2007-06-06 18:15:00,0.9271295
2007-06-06 18:20:00,0.72998776
2007-06-06 18:25:00,0.82639596
2007-06-06 18:30:00,0.73973719
2007-06-06 18:35:00,0.69686154
2007-06-06 18:40:00,1.29487279
2007-06-06 18:45:00,2.12593144
2007-06-06 18:50:00,0.7635385
2007-06-06 18:55:00,0.65588395
2007-06-06 19:00:00,0.82213309
2007-06-06 19:05:00,0.56923635
2007-06-06 19:10:00,0.78566946
2007-06-06 19:15:00,0.5813851
2007-06-06 19:20:00,0.6020909
2007-06-06 19:25:00,0.62746681
2007-06-06 19:30:00,0.78911512
2007-06-06 19:35:00,0.66183194
2007-06-06 19:40:00,0.5406287
2007-06-06 19:45:00,0.68346135
2007-06-06 19:50:00,0.59666998
2007-06-06 19:55:00,0.56638959
2007-06-06 20:00:00,0.73494833
2007-06-06 20:05:00,0.57544727
2007-06-06 20:10:00,0.84196533
2007-06-06 20:15:00,0.62098066
2007-06-06 20:20:00,0.65059297
2007-06-06 20:25:00,0.61106381
2007-06-06 20:30:00,0.68200656
2007-06-06 20:35:00,0.58430921
2007-06-06 20:40:00,0.782028
2007-06-06 20:45:00,0.61879001
2007-06-06 20:50:00,0.62822251
2007-06-06 20:55:00,0.7949491
2007-06-06 21:00:00,0.7666337
2007-06-06 21:05:00,0.63427109
2007-06-06 21:10:00,0.95296153
2007-06-06 21:15:00,0.89818921
2007-06-06 21:20:00,0.88437743
2007-06-06 21:25:00,1.00136847
2007-06-06 21:30:00,1.13572531
2007-06-06 21:35:00,1.40124767
2007-06-06 21:40:00,1.20602046
2007-06-06 21:45:00,1.16025063
2007-06-06 21:50:00,1.32078987
2007-06-06 21:55:00,2.47528869
2007-06-06 22:00:00,2.30431774
2007-06-06 22:05:00,2.97917845
2007-06-06 22:10:00,2.38055371
2007-06-06 22:15:00,2.59057071
2007-06-06 22:20:00,2.79612566
2007-06-06 22:25:00,2.82261309
2007-06-06 22:30:00,3.9168699
2007-06-06 22:35:00,3.86446885
2007-06-06 22:40:00,4.05069571
2007-06-06 22:45:00,4.21332765
2007-06-06 22:50:00,7.55252338
2007-06-06 22:55:00,4.34438763
2007-06-06 23:00:00,3.57592311
2007-06-06 23:05:00,4.18302557
2007-06-06 23:10:00,4.22000128
2007-06-06 23:15:00,4.0123865
2007-06-06 23:20:00,4.51073196
2007-06-06 23:25:00,4.60368696
2007-06-06 23:30:00,5.11261566
2007-06-06 23:35:00,6.12201934
2007-06-06 23:40:00,5.3558909
2007-06-06 23:45:00,6.32981797
2007-06-06 23:50:00,5.495966
2007-06-06 23:55:00,6.35403714
2007-06-07 00:00:00,6.36692131
2007-06-07 00:05:00,6.63034316
2007-06-07 00:10:00,5.86534884
2007-06-07 00:15:00,6.21920236
2007-06-07 00:20:00,6.25627021
2007-06-07 00:25:00,7.73139022
2007-06-07 00:30:00,7.97427043
2007-06-07 00:35:00,7.03748331
2007-06-07 00:40:00,6.4533625
2007-06-07 00:45:00,6.54251283
2007-06-07 00:50:00,6.1367058
2007-06-07 00:55:00,6.06256662
2007-06-07 01:00:00,5.73379004
2007-06-07 01:05:00,6.75350858
2007-06-07 01:10:00,7.43370219
2007-06-07 01:15:00,7.3097034
2007-06-07 01:20:00,7.49489802
2007-06-07 01:25:00,6.37036032
2007-06-07 01:30:00,7.35407015
2007-06-07 01:35:00,7.89254518
2007-06-07 01:40:00,8.14433009
2007-06-07 01:45:00,7.62895452
2007-06-07 01:50:00,6.81742073
2007-06-07 01:55:00,6.87473266
2007-06-07 02:00:00,5.9193263
2007-06-07 02:05:00,6.41929399
2007-06-07 02:10:00,5.90652937
2007-06-07 02:15:00,5.53979079
2007-06-07 02:20:00,6.83599018
2007-06-07 02:25:00,7.06033592
2007-06-07 02:30:00,6.43941582
2007-06-07 02:35:00,7.53776448
2007-06-07 02:40:00,8.8576227
2007-06-07 02:45:00,8.42681835
2007-06-07 02:50:00,8.47780151
2007-06-07 02:55:00,7.85577618
2007-06-07 03:00:00,7.28730798
2007-06-07 03:05:00,7.7280282
2007-06-07 03:10:00,7.45857637
2007-06-07 03:15:00,8.72307506
2007-06-07 03:20:00,8.21188699
2007-06-07 03:25:00,8.02814819
2007-06-07 03:30:00,7.95604691
2007-06-07 03:35:00,8.5426434
2007-06-07 03:40:00,9.00846325
2007-06-07 03:45:00,8.74888417
2007-06-07 03:50:00,8.1809721
2007-06-07 03:55:00,8.19206664
2007-06-07 04:00:00,8.73277733
2007-06-07 04:05:00,8.30395733
2007-06-07 04:10:00,9.02000119
2007-06-07 04:15:00,7.69434103
2007-06-07 04:20:00,7.15095682
2007-06-07 04:25:00,6.87140429
2007-06-07 04:30:00,7.74931799
2007-06-07 04:35:00,7.80201327
2007-06-07 04:40:00,7.73264759
2007-06-07 04:45:00,8.19434181
2007-06-07 04:50:00,12.82330743
2007-06-07 04:55:00,10.38444498
2007-06-07 05:00:00,7.5379512
2007-06-07 05:05:00,7.81392432
2007-06-07 05:10:00,8.20355651
2007-06-07 05:15:00,7.7664275
2007-06-07 05:20:00,7.46663662
2007-06-07 05:25:00,7.91716617
2007-06-07 05:30:00,7.46310399
2007-06-07 05:35:00,6.55611592
2007-06-07 05:40:00,7.20146541
2007-06-07 05:45:00,7.49732788
2007-06-07 05:50:00,7.73260136
2007-06-07 05:55:00,8.53644298
2007-06-07 06:00:00,8.49262886
2007-06-07 06:05:00,7.9702552
2007-06-07 06:10:00,7.69291495
2007-06-07 06:15:00,7.47982169
2007-06-07 06:20:00,7.37251085
2007-06-07 06:25:00,7.47083257
2007-06-07 06:30:00,7.70424514
2007-06-07 06:35:00,7.9644458
2007-06-07 06:40:00,8.10754152
2007-06-07 06:45:00,9.44585723
2007-06-07 06:50:00,8.81614528
2007-06-07 06:55:00,8.10536501
2007-06-07 07:00:00,6.5180132
2007-06-07 07:05:00,6.63680286
2007-06-07 07:10:00,6.3629013
2007-06-07 07:15:00,6.40380279
2007-06-07 07:20:00,5.20750341
2007-06-07 07:25:00,3.3639859
2007-06-07 07:30:00,4.27085994
2007-06-07 07:35:00,4.8218499
2007-06-07 07:40:00,4.37995354
2007-06-07 07:45:00,3.75808639
2007-06-07 07:50:00,4.52397338
2007-06-07 07:55:00,4.85557117
2007-06-07 08:00:00,4.86457306
2007-06-07 08:05:00,4.87560931
2007-06-07 08:10:00,4.28616766
2007-06-07 08:15:00,4.90334256
2007-06-07 08:20:00,4.93833882
2007-06-07 08:25:00,4.33468329
2007-06-07 08:30:00,3.97596574
2007-06-07 08:35:00,4.49258329
2007-06-07 08:40:00,4.40256208
2007-06-07 08:45:00,3.65665936
2007-06-07 08:50:00,3.90472665
2007-06-07 08:55:00,3.90917225
2007-06-07 09:00:00,4.30139743
2007-06-07 09:05:00,4.17624594
2007-06-07 09:10:00,4.5818732
2007-06-07 09:15:00,4.05191098
2007-06-07 09:20:00,4.16645289
2007-06-07 09:25:00,4.45163167
2007-06-07 09:30:00,5.61401305
2007-06-07 09:35:00,4.61502231
2007-06-07 09:40:00,4.2089547
2007-06-07 09:45:00,4.67694944
2007-06-07 09:50:00,4.69027493
2007-06-07 09:55:00,4.00131417
2007-06-07 10:00:00,3.52310538
2007-06-07 10:05:00,3.69282222
2007-06-07 10:10:00,5.01012044
2007-06-07 10:15:00,3.63721656
2007-06-07 10:20:00,3.72128214
2007-06-07 10:25:00,3.8789396
2007-06-07 10:30:00,3.79788672
2007-06-07 10:35:00,4.55567343
2007-06-07 10:40:00,4.59169387
2007-06-07 10:45:00,4.90931301
2007-06-07 10:50:00,5.58663316
2007-06-07 10:55:00,5.85437236
2007-06-07 11:00:00,6.15915243
2007-06-07 11:05:00,5.79733774
2007-06-07 11:10:00,4.63482904
2007-06-07 11:15:00,4.07325068
2007-06-07 11:20:00,3.68145073
2007-06-07 11:25:00,3.76990993
2007-06-07 11:30:00,4.62766577
2007-06-07 11:35:00,6.04981129
2007-06-07 11:40:00,4.17414343
2007-06-07 11:45:00,3.38275293
2007-06-07 11:50:00,3.90707668
2007-06-07 11:55:00,3.99810342
2007-06-07 12:00:00,3.65011569
2007-06-07 12:05:00,4.76945203
2007-06-07 12:10:00,3.45432155
2007-06-07 12:15:00,3.21111709
2007-06-07 12:20:00,3.13003434
2007-06-07 12:25:00,3.11309405
2007-06-07 12:30:00,3.5858797
2007-06-07 12:35:00,4.19435968
2007-06-07 12:40:00,3.38251148
2007-06-07 12:45:00,4.11451132
2007-06-07 12:50:00,3.32641049
2007-06-07 12:55:00,3.52499529
2007-06-07 13:00:00,3.50240896
2007-06-07 13:05:00,3.34991864
2007-06-07 13:10:00,3.21488635
2007-06-07 13:15:00,2.82858704
2007-06-07 13:20:00,2.8540214
2007-06-07 13:25:00,2.99748741
2007-06-07 13:30:00,2.33788991
2007-06-07 13:35:00,2.48347976
2007-06-07 13:40:00,2.55945819
2007-06-07 13:45:00,2.0572061
2007-06-07 13:50:00,2.45289742
2007-06-07 13:55:00,3.03262253
2007-06-07 14:00:00,2.9534042
2007-06-07 14:05:00,2.40844712
2007-06-07 14:10:00,2.81791576
2007-06-07 14:15:00,1.99391358
2007-06-07 14:20:00,2.00189882
2007-06-07 14:25:00,2.05822152
2007-06-07 14:30:00,2.88133521
2007-06-07 14:35:00,2.44982186
2007-06-07 14:40:00,2.57001993
2007-06-07 14:45:00,2.03308861
2007-06-07 14:50:00,2.07651764
2007-06-07 14:55:00,1.78286878
2007-06-07 15:00:00,2.57190097
2007-06-07 15:05:00,1.62043227
2007-06-07 15:10:00,1.51879745
2007-06-07 15:15:00,1.29525097
2007-06-07 15:20:00,1.39234458
2007-06-07 15:25:00,1.33803625
2007-06-07 15:30:00,1.62637837
2007-06-07 15:35:00,1.01156396
2007-06-07 15:40:00,1.22822817
2007-06-07 15:45:00,1.02269229
2007-06-07 15:50:00,1.06138245
2007-06-07 15:55:00,1.40439886
2007-06-07 16:00:00,1.23259512
2007-06-07 16:05:00,1.16570848
2007-06-07 16:10:00,1.41604277
2007-06-07 16:15:00,1.0955626
2007-06-07 16:20:00,1.2310818
2007-06-07 16:25:00,1.12159929
2007-06-07 16:30:00,0.8739327
2007-06-07 16:35:00,0.92144522
2007-06-07 16:40:00,1.14887464
2007-06-07 16:45:00,1.52432916
2007-06-07 16:50:00,1.4524244
2007-06-07 16:55:00,1.37358312
2007-06-07 17:00:00,1.49063269
2007-06-07 17:05:00,1.5760518
2007-06-07 17:10:00,1.19659166
2007-06-07 17:15:00,1.3836709
2007-06-07 17:20:00,1.19763294
2007-06-07 17:25:00,1.36957477
2007-06-07 17:30:00,0.93802776
2007-06-07 17:35:00,1.03144
2007-06-07 17:40:00,0.80880162
2007-06-07 17:45:00,1.12609777
2007-06-07 17:50:00,1.06961448
2007-06-07 17:55:00,1.05045949
2007-06-07 18:00:00,0.95733669
2007-06-07 18:05:00,0.83893845
2007-06-07 18:10:00,0.94887104
2007-06-07 18:15:00,1.28265022
2007-06-07 18:20:00,2.18124707
2007-06-07 18:25:00,2.11361844
2007-06-07 18:30:00,1.91560644
2007-06-07 18:35:00,1.48729019
2007-06-07 18:40:00,0.75269367
2007-06-07 18:45:00,0.95526257
2007-06-07 18:50:00,1.42048311
2007-06-07 18:55:00,1.0962909
2007-06-07 19:00:00,1.4274139
2007-06-07 19:05:00,1.23521531
2007-06-07 19:10:00,0.93617955
2007-06-07 19:15:00,0.86308135
2007-06-07 19:20:00,0.92089762
2007-06-07 19:25:00,0.71405053
2007-06-07 19:30:00,0.77358083
2007-06-07 19:35:00,0.76814643
2007-06-07 19:40:00,0.72581339
2007-06-07 19:45:00,0.91596738
2007-06-07 19:50:00,0.92543979
2007-06-07 19:55:00,0.92455141
2007-06-07 20:00:00,0.68038874
2007-06-07 20:05:00,0.5581115
2007-06-07 20:10:00,0.7090813
2007-06-07 20:15:00,0.63152882
2007-06-07 20:20:00,0.71760862
2007-06-07 20:25:00,0.9801947
2007-06-07 20:30:00,1.52280426
2007-06-07 20:35:00,0.70217611
2007-06-07 20:40:00,0.71614714
2007-06-07 20:45:00,0.65411323
2007-06-07 20:50:00,0.62819537
2007-06-07 20:55:00,0.80113147
2007-06-07 21:00:00,1.05319842
2007-06-07 21:05:00,1.02653356
2007-06-07 21:10:00,1.25730765
2007-06-07 21:15:00,1.6327578
2007-06-07 21:20:00,1.8322537
2007-06-07 21:25:00,1.27616979
2007-06-07 21:30:00,1.25179156
2007-06-07 21:35:00,1.2351905
2007-06-07 21:40:00,1.79499943
2007-06-07 21:45:00,1.43823859
2007-06-07 21:50:00,1.51650081
2007-06-07 21:55:00,1.41935423
2007-06-07 22:00:00,1.88172269
2007-06-07 22:05:00,2.35156255
2007-06-07 22:10:00,2.57656976
2007-06-07 22:15:00,2.26975681
2007-06-07 22:20:00,2.38678035
2007-06-07 22:25:00,2.46728781
2007-06-07 22:30:00,2.27747865
2007-06-07 22:35:00,2.64318405
2007-06-07 22:40:00,3.09207505
2007-06-07 22:45:00,3.81780441
2007-06-07 22:50:00,4.38588096
2007-06-07 22:55:00,4.22647912
2007-06-07 23:00:00,4.1772747
2007-06-07 23:05:00,3.99822214
2007-06-07 23:10:00,5.28986162
2007-06-07 23:15:00,5.91896937
2007-06-07 23:20:00,5.1039872
2007-06-07 23:25:00,6.32852097
2007-06-07 23:30:00,6.42021097
2007-06-07 23:35:00,5.87828072
2007-06-07 23:40:00,5.5862634
2007-06-07 23:45:00,6.03193574
2007-06-07 23:50:00,5.57513821
2007-06-07 23:55:00,6.62941195
2007-06-08 00:00:00,6.0085894
2007-06-08 00:05:00,6.35142035
2007-06-08 00:10:00,5.59464647
2007-06-08 00:15:00,8.0832048
2007-06-08 00:20:00,7.41781975
2007-06-08 00:25:00,7.05916357
2007-06-08 00:30:00,7.29692457
2007-06-08 00:35:00,6.97599576
2007-06-08 00:40:00,7.94229719
2007-06-08 00:45:00,7.07169023
2007-06-08 00:50:00,6.4639677
2007-06-08 00:55:00,6.47144339
2007-06-08 01:00:00,5.85768579
2007-06-08 01:05:00,7.01435986
2007-06-08 01:10:00,7.88206237
2007-06-08 01:15:00,8.33330683
2007-06-08 01:20:00,9.39829221
2007-06-08 01:25:00,8.24006322
2007-06-08 01:30:00,7.98034322
2007-06-08 01:35:00,8.65867813
2007-06-08 01:40:00,8.75315774
2007-06-08 01:45:00,7.45732049
2007-06-08 01:50:00,7.6339468
2007-06-08 01:55:00,7.67437105
2007-06-08 02:00:00,6.32421135
2007-06-08 02:05:00,6.14757496
2007-06-08 02:10:00,6.23537925
2007-06-08 02:15:00,6.36494985
2007-06-08 02:20:00,6.58867946
2007-06-08 02:25:00,6.36530098
2007-06-08 02:30:00,6.65756058
2007-06-08 02:35:00,7.50415437
2007-06-08 02:40:00,7.08634202
2007-06-08 02:45:00,6.33376974
2007-06-08 02:50:00,5.87966797
2007-06-08 02:55:00,5.89375529
2007-06-08 03:00:00,5.73616059
2007-06-08 03:05:00,6.11431532
2007-06-08 03:10:00,7.16234636
2007-06-08 03:15:00,7.07732167
2007-06-08 03:20:00,6.40049016
2007-06-08 03:25:00,6.93452828
2007-06-08 03:30:00,7.38098216
2007-06-08 03:35:00,7.1673766
2007-06-08 03:40:00,6.88379874
2007-06-08 03:45:00,7.13209853
2007-06-08 03:50:00,7.27327084
2007-06-08 03:55:00,7.38621804
2007-06-08 04:00:00,7.98840881
2007-06-08 04:05:00,8.86639986
2007-06-08 04:10:00,7.78738575
2007-06-08 04:15:00,7.45597426
2007-06-08 04:20:00,7.66890925
2007-06-08 04:25:00,7.8681898
2007-06-08 04:30:00,8.05347885
2007-06-08 04:35:00,7.53829654
2007-06-08 04:40:00,8.39155458
2007-06-08 04:45:00,8.03024256
2007-06-08 04:50:00,8.59102634
2007-06-08 04:55:00,7.84118606
2007-06-08 05:00:00,8.17334886
2007-06-08 05:05:00,7.85957792
2007-06-08 05:10:00,7.20046354
2007-06-08 05:15:00,6.77800475
2007-06-08 05:20:00,6.5022144
2007-06-08 05:25:00,6.62230126
2007-06-08 05:30:00,6.85215246
2007-06-08 05:35:00,7.14486096
2007-06-08 05:40:00,7.5832924
2007-06-08 05:45:00,7.57989585
2007-06-08 05:50:00,7.80329383
2007-06-08 05:55:00,8.02625629
2007-06-08 06:00:00,6.717617
2007-06-08 06:05:00,6.89972046
2007-06-08 06:10:00,6.30549865
2007-06-08 06:15:00,5.63782562
2007-06-08 06:20:00,6.88621898
2007-06-08 06:25:00,6.6434091
2007-06-08 06:30:00,6.7593398
2007-06-08 06:35:00,7.07137862
2007-06-08 06:40:00,9.3395613
2007-06-08 06:45:00,5.5944857
2007-06-08 06:50:00,4.76114528
2007-06-08 06:55:00,5.10873844
2007-06-08 07:00:00,4.1807562
2007-06-08 07:05:00,3.6013653
2007-06-08 07:10:00,4.35330888
2007-06-08 07:15:00,3.97842125
2007-06-08 07:20:00,3.91463584
2007-06-08 07:25:00,4.96468583
2007-06-08 07:30:00,5.00659185
2007-06-08 07:35:00,4.03525259
2007-06-08 07:40:00,3.68307105
2007-06-08 07:45:00,4.47840575
2007-06-08 07:50:00,3.35498576
2007-06-08 07:55:00,3.31297109
2007-06-08 08:00:00,3.43245317
2007-06-08 08:05:00,3.65155
2007-06-08 08:10:00,3.45149191
2007-06-08 08:15:00,3.04245421
2007-06-08 08:20:00,3.03363043
2007-06-08 08:25:00,2.88503529
2007-06-08 08:30:00,2.84746743
2007-06-08 08:35:00,2.721424
2007-06-08 08:40:00,3.24215443
2007-06-08 08:45:00,3.24405879
2007-06-08 08:50:00,3.44054377
2007-06-08 08:55:00,3.45958225
2007-06-08 09:00:00,4.17262798
2007-06-08 09:05:00,3.7120057
2007-06-08 09:10:00,3.35255335
2007-06-08 09:15:00,2.89561356
2007-06-08 09:20:00,3.02298642
2007-06-08 09:25:00,3.89606936
2007-06-08 09:30:00,3.01052209
2007-06-08 09:35:00,3.23503354
2007-06-08 09:40:00,3.19474267
2007-06-08 09:45:00,3.19013702
2007-06-08 09:50:00,3.15913498
2007-06-08 09:55:00,3.31653935
2007-06-08 10:00:00,3.5579106
2007-06-08 10:05:00,3.80086472
2007-06-08 10:10:00,3.08418019
2007-06-08 10:15:00,3.0865859
2007-06-08 10:20:00,4.62675161
2007-06-08 10:25:00,4.11986419
2007-06-08 10:30:00,3.62691638
2007-06-08 10:35:00,4.23114247
2007-06-08 10:40:00,3.82417552
2007-06-08 10:45:00,4.73245131
2007-06-08 10:50:00,4.8609044
2007-06-08 10:55:00,4.17636851
2007-06-08 11:00:00,4.32736578
2007-06-08 11:05:00,4.37101021
2007-06-08 11:10:00,4.66514837
2007-06-08 11:15:00,3.76793373
2007-06-08 11:20:00,4.04993018
2007-06-08 11:25:00,3.60190354
2007-06-08 11:30:00,4.05440096
2007-06-08 11:35:00,3.50655873
2007-06-08 11:40:00,3.54815515
2007-06-08 11:45:00,3.58580006
2007-06-08 11:50:00,4.02284789
2007-06-08 11:55:00,3.99922033
2007-06-08 12:00:00,3.64609968
2007-06-08 12:05:00,3.98587926
2007-06-08 12:10:00,3.28957953
2007-06-08 12:15:00,3.44813251
2007-06-08 12:20:00,3.59274911
2007-06-08 12:25:00,3.05261787
2007-06-08 12:30:00,2.72521492
2007-06-08 12:35:00,2.23057192
2007-06-08 12:40:00,2.29069717
2007-06-08 12:45:00,1.9534857
2007-06-08 12:50:00,2.05793796
2007-06-08 12:55:00,2.15828547
2007-06-08 13:00:00,2.43503077
2007-06-08 13:05:00,1.78878947
2007-06-08 13:10:00,2.2401135
2007-06-08 13:15:00,2.0716873
2007-06-08 13:20:00,2.01684577
2007-06-08 13:25:00,2.5669649
2007-06-08 13:30:00,2.73125088
2007-06-08 13:35:00,2.11372932
2007-06-08 13:40:00,2.09099598
2007-06-08 13:45:00,2.34761075
2007-06-08 13:50:00,2.05099295
2007-06-08 13:55:00,2.42407657
2007-06-08 14:00:00,2.18344975
2007-06-08 14:05:00,2.20737806
2007-06-08 14:10:00,2.6107791
2007-06-08 14:15:00,2.39780105
2007-06-08 14:20:00,2.26155905
2007-06-08 14:25:00,2.49586308
2007-06-08 14:30:00,2.26677793
2007-06-08 14:35:00,2.30346372
2007-06-08 14:40:00,2.15855326
2007-06-08 14:45:00,1.79919127
2007-06-08 14:50:00,1.44563431
2007-06-08 14:55:00,1.60302614
2007-06-08 15:00:00,1.61262827
2007-06-08 15:05:00,1.30887285
2007-06-08 15:10:00,1.402403
2007-06-08 15:15:00,1.80000534
2007-06-08 15:20:00,1.71143303
2007-06-08 15:25:00,2.02809017
2007-06-08 15:30:00,1.83999168
2007-06-08 15:35:00,2.02918877
2007-06-08 15:40:00,1.7831795
2007-06-08 15:45:00,1.57303511
2007-06-08 15:50:00,1.66719018
2007-06-08 15:55:00,1.62897612
2007-06-08 16:00:00,1.97222136
2007-06-08 16:05:00,1.88197805
2007-06-08 16:10:00,1.09272964
2007-06-08 16:15:00,0.83711594
2007-06-08 16:20:00,0.88878633
2007-06-08 16:25:00,0.99878608
2007-06-08 16:30:00,1.07525789
2007-06-08 16:35:00,1.09110872
2007-06-08 16:40:00,1.134085
2007-06-08 16:45:00,1.0390116
2007-06-08 16:50:00,1.04096713
2007-06-08 16:55:00,1.07260873
2007-06-08 17:00:00,1.12625983
2007-06-08 17:05:00,1.18831825
2007-06-08 17:10:00,1.57059818
2007-06-08 17:15:00,1.27117246
2007-06-08 17:20:00,0.98946105
2007-06-08 17:25:00,0.83856372
2007-06-08 17:30:00,0.80714378
2007-06-08 17:35:00,0.83477697
2007-06-08 17:40:00,0.81800192
2007-06-08 17:45:00,0.76031591
2007-06-08 17:50:00,0.95627914
2007-06-08 17:55:00,0.94737996
2007-06-08 18:00:00,0.93284626
2007-06-08 18:05:00,0.78986936
2007-06-08 18:10:00,0.891903
2007-06-08 18:15:00,0.90881796
2007-06-08 18:20:00,0.98605288
2007-06-08 18:25:00,0.83081708
2007-06-08 18:30:00,0.68143769
2007-06-08 18:35:00,0.70951648
2007-06-08 18:40:00,0.72259341
2007-06-08 18:45:00,0.7275906
2007-06-08 18:50:00,0.63063495
2007-06-08 18:55:00,0.69070099
2007-06-08 19:00:00,0.87228608
2007-06-08 19:05:00,0.715751
2007-06-08 19:10:00,0.64200155
2007-06-08 19:15:00,0.58077067
2007-06-08 19:20:00,0.62596453
2007-06-08 19:25:00,0.75377951
2007-06-08 19:30:00,0.84903066
2007-06-08 19:35:00,0.82242045
2007-06-08 19:40:00,0.75962001
2007-06-08 19:45:00,0.7568858
2007-06-08 19:50:00,0.69399767
2007-06-08 19:55:00,0.88449713
2007-06-08 20:00:00,0.84870158
2007-06-08 20:05:00,0.90535351
2007-06-08 20:10:00,0.78687943
2007-06-08 20:15:00,0.9081822
2007-06-08 20:20:00,0.8942803
2007-06-08 20:25:00,1.14072194
2007-06-08 20:30:00,1.73472249
2007-06-08 20:35:00,0.83896264
2007-06-08 20:40:00,0.80246677
2007-06-08 20:45:00,1.03723228
2007-06-08 20:50:00,0.94646417
2007-06-08 20:55:00,0.83660546
2007-06-08 21:00:00,0.78698701
2007-06-08 21:05:00,0.83189694
2007-06-08 21:10:00,0.80434148
2007-06-08 21:15:00,0.89501613
2007-06-08 21:20:00,1.00907365
2007-06-08 21:25:00,0.78170277
2007-06-08 21:30:00,0.79527878
2007-06-08 21:35:00,0.91749359
2007-06-08 21:40:00,1.16773501
2007-06-08 21:45:00,1.19177596
2007-06-08 21:50:00,1.08382767
2007-06-08 21:55:00,1.20778656
2007-06-08 22:00:00,0.87297127
2007-06-08 22:05:00,1.10337831
2007-06-08 22:10:00,1.086992
2007-06-08 22:15:00,1.2559626
2007-06-08 22:20:00,1.23308463
2007-06-08 22:25:00,1.24312388
2007-06-08 22:30:00,1.16520071
2007-06-08 22:35:00,1.04053164
2007-06-08 22:40:00,1.17977901
2007-06-08 22:45:00,1.02312118
2007-06-08 22:50:00,1.1856026
2007-06-08 22:55:00,1.12158669
2007-06-08 23:00:00,1.1906189
2007-06-08 23:05:00,2.14728697
2007-06-08 23:10:00,2.67837428
2007-06-08 23:15:00,2.58269624
2007-06-08 23:20:00,1.36017417
2007-06-08 23:25:00,1.50974293
2007-06-08 23:30:00,2.09843057
2007-06-08 23:35:00,1.86882407
2007-06-08 23:40:00,2.13099555
2007-06-08 23:45:00,1.92043419
2007-06-08 23:50:00,2.01686432
2007-06-08 23:55:00,2.42254529
2007-06-09 00:00:00,3.31395645
2007-06-09 00:05:00,3.6438409
2007-06-09 00:10:00,4.19510804
2007-06-09 00:15:00,2.4587756
2007-06-09 00:20:00,2.85572887
2007-06-09 00:25:00,2.29306197
2007-06-09 00:30:00,2.84668295
2007-06-09 00:35:00,3.05695778
2007-06-09 00:40:00,2.44295729
2007-06-09 00:45:00,3.32537586
2007-06-09 00:50:00,3.19384677
2007-06-09 00:55:00,3.36838198
2007-06-09 01:00:00,3.0422494
2007-06-09 01:05:00,3.10628184
2007-06-09 01:10:00,3.53390429
2007-06-09 01:15:00,3.74362469
2007-06-09 01:20:00,4.4246226
2007-06-09 01:25:00,3.73278113
2007-06-09 01:30:00,3.99800231
2007-06-09 01:35:00,3.76505541
2007-06-09 01:40:00,4.15417239
2007-06-09 01:45:00,4.88850271
2007-06-09 01:50:00,5.16858467
2007-06-09 01:55:00,4.7023067
2007-06-09 02:00:00,3.11647609
2007-06-09 02:05:00,2.78781649
2007-06-09 02:10:00,3.51329952
2007-06-09 02:15:00,4.33575228
2007-06-09 02:20:00,4.16936762
2007-06-09 02:25:00,3.74850984
2007-06-09 02:30:00,2.98476295
2007-06-09 02:35:00,3.19233609
2007-06-09 02:40:00,3.52663733
2007-06-09 02:45:00,3.22326206
2007-06-09 02:50:00,3.38820474
2007-06-09 02:55:00,4.56197
2007-06-09 03:00:00,4.04468467
2007-06-09 03:05:00,4.42644081
2007-06-09 03:10:00,3.6020933
2007-06-09 03:15:00,3.14480314
2007-06-09 03:20:00,3.18165044
2007-06-09 03:25:00,3.73654914
2007-06-09 03:30:00,3.64958992
2007-06-09 03:35:00,3.87866498
2007-06-09 03:40:00,4.73117467
2007-06-09 03:45:00,4.78172865
2007-06-09 03:50:00,5.13511164
2007-06-09 03:55:00,3.47454923
2007-06-09 04:00:00,3.55521274
2007-06-09 04:05:00,4.41719904
2007-06-09 04:10:00,4.67925602
2007-06-09 04:15:00,3.62940791
2007-06-09 04:20:00,3.64062279
2007-06-09 04:25:00,3.41856582
2007-06-09 04:30:00,3.31621826
2007-06-09 04:35:00,3.86963058
2007-06-09 04:40:00,3.37288583
2007-06-09 04:45:00,4.09518565
2007-06-09 04:50:00,2.96485339
2007-06-09 04:55:00,3.00659301
2007-06-09 05:00:00,3.37940374
2007-06-09 05:05:00,3.78392436
2007-06-09 05:10:00,4.23542843
2007-06-09 05:15:00,3.60405
2007-06-09 05:20:00,4.10705711
2007-06-09 05:25:00,3.87025102
2007-06-09 05:30:00,5.3711135
2007-06-09 05:35:00,5.43589292
2007-06-09 05:40:00,4.55900648
2007-06-09 05:45:00,4.26899016
2007-06-09 05:50:00,3.67752848
2007-06-09 05:55:00,4.0954515
2007-06-09 06:00:00,2.96608728
2007-06-09 06:05:00,3.90624307
2007-06-09 06:10:00,4.23874904
2007-06-09 06:15:00,4.05860928
2007-06-09 06:20:00,3.09214133
2007-06-09 06:25:00,3.07985179
2007-06-09 06:30:00,4.07184247
2007-06-09 06:35:00,4.00365251
2007-06-09 06:40:00,3.24210178
2007-06-09 06:45:00,2.85848171
2007-06-09 06:50:00,3.18420291
2007-06-09 06:55:00,2.8519717
2007-06-09 07:00:00,2.91532584
2007-06-09 07:05:00,2.37422887
2007-06-09 07:10:00,2.08904739
2007-06-09 07:15:00,2.79330885
2007-06-09 07:20:00,2.86394138
2007-06-09 07:25:00,2.75838402
2007-06-09 07:30:00,2.45752841
2007-06-09 07:35:00,2.37717343
2007-06-09 07:40:00,2.56184652
2007-06-09 07:45:00,2.76336596
2007-06-09 07:50:00,3.9953028
2007-06-09 07:55:00,3.56567905
2007-06-09 08:00:00,3.36058785
2007-06-09 08:05:00,3.07257941
2007-06-09 08:10:00,3.18629746
2007-06-09 08:15:00,3.70822161
2007-06-09 08:20:00,3.29083388
2007-06-09 08:25:00,2.9211501
2007-06-09 08:30:00,2.67623054
2007-06-09 08:35:00,3.28393138
2007-06-09 08:40:00,3.44660708
2007-06-09 08:45:00,3.21791371
2007-06-09 08:50:00,2.94022198
2007-06-09 08:55:00,2.93647884
2007-06-09 09:00:00,2.80934799
2007-06-09 09:05:00,2.52293824
2007-06-09 09:10:00,3.5449179
2007-06-09 09:15:00,2.55766611
2007-06-09 09:20:00,2.76884537
2007-06-09 09:25:00,2.41590385
2007-06-09 09:30:00,3.02195661
2007-06-09 09:35:00,3.18411457
2007-06-09 09:40:00,3.51609401
2007-06-09 09:45:00,3.74402605
2007-06-09 09:50:00,4.06213325
2007-06-09 09:55:00,3.87908072
2007-06-09 10:00:00,3.36230633
2007-06-09 10:05:00,2.93150498
2007-06-09 10:10:00,2.62725421
2007-06-09 10:15:00,2.75677104
2007-06-09 10:20:00,2.45548729
2007-06-09 10:25:00,2.13147293
2007-06-09 10:30:00,2.19159245
2007-06-09 10:35:00,2.55518098
2007-06-09 10:40:00,2.71007631
2007-06-09 10:45:00,2.59705547
2007-06-09 10:50:00,3.23739028
2007-06-09 10:55:00,4.16315572
2007-06-09 11:00:00,3.1010905
2007-06-09 11:05:00,3.44156929
2007-06-09 11:10:00,3.49324023
2007-06-09 11:15:00,4.07106097
2007-06-09 11:20:00,4.04452099
2007-06-09 11:25:00,5.32652621
2007-06-09 11:30:00,5.71687342
2007-06-09 11:35:00,4.55406114
2007-06-09 11:40:00,4.56743928
2007-06-09 11:45:00,4.89193352
2007-06-09 11:50:00,3.99309708
2007-06-09 11:55:00,4.03227481
2007-06-09 12:00:00,3.38506092
2007-06-09 12:05:00,3.90045852
2007-06-09 12:10:00,2.97668768
2007-06-09 12:15:00,2.28534793
2007-06-09 12:20:00,2.29425542
2007-06-09 12:25:00,2.67576666
2007-06-09 12:30:00,2.47027109
2007-06-09 12:35:00,2.99442609
2007-06-09 12:40:00,2.98397507
2007-06-09 12:45:00,2.99301235
2007-06-09 12:50:00,3.05170601
2007-06-09 12:55:00,3.45709721
2007-06-09 13:00:00,2.89460312
2007-06-09 13:05:00,2.87108381
2007-06-09 13:10:00,2.08573816
2007-06-09 13:15:00,2.36142382
2007-06-09 13:20:00,1.86357942
2007-06-09 13:25:00,1.93252521
2007-06-09 13:30:00,2.16380769
2007-06-09 13:35:00,2.00199958
2007-06-09 13:40:00,2.14069589
2007-06-09 13:45:00,2.12654123
2007-06-09 13:50:00,2.12445993
2007-06-09 13:55:00,1.93038795
2007-06-09 14:00:00,1.40793924
2007-06-09 14:05:00,1.59537682
2007-06-09 14:10:00,1.22415242
2007-06-09 14:15:00,1.38227758
2007-06-09 14:20:00,1.8426495
2007-06-09 14:25:00,2.44928985
2007-06-09 14:30:00,1.854657
2007-06-09 14:35:00,2.09353567
2007-06-09 14:40:00,1.72358536
2007-06-09 14:45:00,1.62080429
2007-06-09 14:50:00,1.64141296
2007-06-09 14:55:00,1.99641286
2007-06-09 15:00:00,2.51794121
2007-06-09 15:05:00,1.78033632
2007-06-09 15:10:00,1.24233858
2007-06-09 15:15:00,1.25488787
2007-06-09 15:20:00,1.31512529
2007-06-09 15:25:00,1.10660069
2007-06-09 15:30:00,1.2759424
2007-06-09 15:35:00,1.38455447
2007-06-09 15:40:00,1.35878058
2007-06-09 15:45:00,1.24476096
2007-06-09 15:50:00,1.36048316
2007-06-09 15:55:00,1.43600067
2007-06-09 16:00:00,1.31615942
2007-06-09 16:05:00,1.54224024
2007-06-09 16:10:00,1.37916203
2007-06-09 16:15:00,1.38272825
2007-06-09 16:20:00,2.20817445
2007-06-09 16:25:00,1.85483768
2007-06-09 16:30:00,1.77799075
2007-06-09 16:35:00,1.11029502
2007-06-09 16:40:00,0.78263072
2007-06-09 16:45:00,0.88379721
2007-06-09 16:50:00,0.74100619
2007-06-09 16:55:00,1.00139092
2007-06-09 17:00:00,1.06134482
2007-06-09 17:05:00,0.69203869
2007-06-09 17:10:00,0.81499351
2007-06-09 17:15:00,0.69770204
2007-06-09 17:20:00,0.79352614
2007-06-09 17:25:00,0.80594602
2007-06-09 17:30:00,0.95994599
2007-06-09 17:35:00,0.76160436
2007-06-09 17:40:00,0.84676301
2007-06-09 17:45:00,0.92367499
2007-06-09 17:50:00,0.92581889
2007-06-09 17:55:00,0.58194917
2007-06-09 18:00:00,0.61284182
2007-06-09 18:05:00,0.63076284
2007-06-09 18:10:00,0.56423533
2007-06-09 18:15:00,0.62947847
2007-06-09 18:20:00,0.81976648
2007-06-09 18:25:00,0.60778075
2007-06-09 18:30:00,0.67544017
2007-06-09 18:35:00,0.73157077
2007-06-09 18:40:00,0.83863421
2007-06-09 18:45:00,0.83487957
2007-06-09 18:50:00,0.84815063
2007-06-09 18:55:00,0.78734408
2007-06-09 19:00:00,0.84909599
2007-06-09 19:05:00,0.82032887
2007-06-09 19:10:00,0.92330403
2007-06-09 19:15:00,1.26082535
2007-06-09 19:20:00,0.59127872
2007-06-09 19:25:00,0.71665109
2007-06-09 19:30:00,0.58236215
2007-06-09 19:35:00,0.75894815
2007-06-09 19:40:00,0.82862083
2007-06-09 19:45:00,0.69183122
2007-06-09 19:50:00,0.82525355
2007-06-09 19:55:00,0.76538292
2007-06-09 20:00:00,0.67823672
2007-06-09 20:05:00,0.72867508
2007-06-09 20:10:00,0.77793286
2007-06-09 20:15:00,0.74008899
2007-06-09 20:20:00,0.79022073
2007-06-09 20:25:00,0.9812251
2007-06-09 20:30:00,1.47980803
2007-06-09 20:35:00,0.56904487
2007-06-09 20:40:00,0.6184443
2007-06-09 20:45:00,0.86238155
2007-06-09 20:50:00,0.72874418
2007-06-09 20:55:00,0.65898167
2007-06-09 21:00:00,0.69090677
2007-06-09 21:05:00,0.86024967
2007-06-09 21:10:00,0.64229163
2007-06-09 21:15:00,0.64482722
2007-06-09 21:20:00,0.71968913
2007-06-09 21:25:00,0.78443735
2007-06-09 21:30:00,0.61483373
2007-06-09 21:35:00,1.58127086
2007-06-09 21:40:00,1.41676174
2007-06-09 21:45:00,1.02116509
2007-06-09 21:50:00,0.94546216
2007-06-09 21:55:00,0.88255911
2007-06-09 22:00:00,0.87631394
2007-06-09 22:05:00,0.77630569
2007-06-09 22:10:00,0.86419437
2007-06-09 22:15:00,0.8725802
2007-06-09 22:20:00,1.08492232
2007-06-09 22:25:00,1.2556445
2007-06-09 22:30:00,1.23882113
2007-06-09 22:35:00,1.34011485
2007-06-09 22:40:00,1.46017886
2007-06-09 22:45:00,1.20974849
2007-06-09 22:50:00,1.85385876
2007-06-09 22:55:00,1.4786283
2007-06-09 23:00:00,1.52933628
2007-06-09 23:05:00,1.6559235
2007-06-09 23:10:00,1.75732327
2007-06-09 23:15:00,1.7339417
2007-06-09 23:20:00,1.91486155
2007-06-09 23:25:00,2.94875296
2007-06-09 23:30:00,2.90453677
2007-06-09 23:35:00,3.48822228
2007-06-09 23:40:00,2.97276191
2007-06-09 23:45:00,3.16948666
2007-06-09 23:50:00,2.26820406
2007-06-09 23:55:00,1.64748662
2007-06-10 00:00:00,1.9613967
2007-06-10 00:05:00,1.95525637
2007-06-10 00:10:00,2.54834487
2007-06-10 00:15:00,2.29468797
2007-06-10 00:20:00,1.70421088
2007-06-10 00:25:00,2.59220617
2007-06-10 00:30:00,2.31645511
2007-06-10 00:35:00,2.66130458
2007-06-10 00:40:00,2.68010806
2007-06-10 00:45:00,2.03153086
2007-06-10 00:50:00,2.49706832
2007-06-10 00:55:00,3.49327925
2007-06-10 01:00:00,2.52805256
2007-06-10 01:05:00,2.14425182
2007-06-10 01:10:00,2.15247249
2007-06-10 01:15:00,2.50902724
2007-06-10 01:20:00,3.56558688
2007-06-10 01:25:00,2.96573066
2007-06-10 01:30:00,2.37799003
2007-06-10 01:35:00,3.27688877
2007-06-10 01:40:00,2.37185086
2007-06-10 01:45:00,2.1337742
2007-06-10 01:50:00,3.37578766
2007-06-10 01:55:00,2.90251721
2007-06-10 02:00:00,2.66589933
2007-06-10 02:05:00,2.77369382
2007-06-10 02:10:00,2.4778178
2007-06-10 02:15:00,2.48620758
2007-06-10 02:20:00,3.49619772
2007-06-10 02:25:00,2.78094185
2007-06-10 02:30:00,2.72356139
2007-06-10 02:35:00,2.69668051
2007-06-10 02:40:00,2.85443397
2007-06-10 02:45:00,2.76355656
2007-06-10 02:50:00,2.92462852
2007-06-10 02:55:00,3.50791507
2007-06-10 03:00:00,2.93624795
2007-06-10 03:05:00,2.97077265
2007-06-10 03:10:00,2.61401931
2007-06-10 03:15:00,2.63728889
2007-06-10 03:20:00,2.62071071
2007-06-10 03:25:00,3.44372582
2007-06-10 03:30:00,2.84803786
2007-06-10 03:35:00,3.3611176
2007-06-10 03:40:00,3.27493956
2007-06-10 03:45:00,2.82185746
2007-06-10 03:50:00,3.48607138
2007-06-10 03:55:00,4.11088567
2007-06-10 04:00:00,3.94682409
2007-06-10 04:05:00,4.24071732
2007-06-10 04:10:00,4.6886997
2007-06-10 04:15:00,4.16769134
2007-06-10 04:20:00,4.05370757
2007-06-10 04:25:00,4.17313234
2007-06-10 04:30:00,4.23084851
2007-06-10 04:35:00,3.84505821
2007-06-10 04:40:00,4.4615423
2007-06-10 04:45:00,4.37769589
2007-06-10 04:50:00,4.22761524
2007-06-10 04:55:00,4.87637044
2007-06-10 05:00:00,4.75165501
2007-06-10 05:05:00,5.07849609
2007-06-10 05:10:00,4.49154776
2007-06-10 05:15:00,3.817874
2007-06-10 05:20:00,3.72840108
2007-06-10 05:25:00,4.13782159
2007-06-10 05:30:00,4.08713639
2007-06-10 05:35:00,4.55674763
2007-06-10 05:40:00,5.07766665
2007-06-10 05:45:00,4.09987687
2007-06-10 05:50:00,3.93868772
2007-06-10 05:55:00,4.0872987
2007-06-10 06:00:00,4.34846424
2007-06-10 06:05:00,4.97798145
2007-06-10 06:10:00,4.05241003
2007-06-10 06:15:00,3.62404489
2007-06-10 06:20:00,3.51185464
2007-06-10 06:25:00,3.45536891
2007-06-10 06:30:00,3.13462262
2007-06-10 06:35:00,3.45391292
2007-06-10 06:40:00,3.71558825
2007-06-10 06:45:00,3.55569417
2007-06-10 06:50:00,3.89638958
2007-06-10 06:55:00,4.31268279
2007-06-10 07:00:00,4.30536425
2007-06-10 07:05:00,3.61148018
2007-06-10 07:10:00,4.1789548
2007-06-10 07:15:00,4.62788363
2007-06-10 07:20:00,4.39698137
2007-06-10 07:25:00,4.55966034
2007-06-10 07:30:00,4.07037694
2007-06-10 07:35:00,4.50697609
2007-06-10 07:40:00,3.2103337
2007-06-10 07:45:00,2.74141279
2007-06-10 07:50:00,2.87561756
2007-06-10 07:55:00,2.710192
2007-06-10 08:00:00,3.0193035
2007-06-10 08:05:00,2.65813677
2007-06-10 08:10:00,2.830358
2007-06-10 08:15:00,3.01292217
2007-06-10 08:20:00,2.92352325
2007-06-10 08:25:00,3.03150305
2007-06-10 08:30:00,3.89479366
2007-06-10 08:35:00,4.03059313
2007-06-10 08:40:00,4.04910344
2007-06-10 08:45:00,3.07949849
2007-06-10 08:50:00,3.24432335
2007-06-10 08:55:00,2.60926496
2007-06-10 09:00:00,3.34476764
2007-06-10 09:05:00,2.69273822
2007-06-10 09:10:00,2.88480874
2007-06-10 09:15:00,2.6778254
2007-06-10 09:20:00,2.89642042
2007-06-10 09:25:00,2.48837491
2007-06-10 09:30:00,2.93762682
2007-06-10 09:35:00,3.08057855
2007-06-10 09:40:00,3.36155242
2007-06-10 09:45:00,3.20581271
2007-06-10 09:50:00,3.76675479
2007-06-10 09:55:00,4.33916899
2007-06-10 10:00:00,3.40379074
2007-06-10 10:05:00,2.89326355
2007-06-10 10:10:00,2.80386239
2007-06-10 10:15:00,3.2082476
2007-06-10 10:20:00,2.81518294
2007-06-10 10:25:00,2.94386853
2007-06-10 10:30:00,3.60620251
2007-06-10 10:35:00,4.06784247
2007-06-10 10:40:00,3.62831256
2007-06-10 10:45:00,3.40111113
2007-06-10 10:50:00,2.83364427
2007-06-10 10:55:00,2.85300442
2007-06-10 11:00:00,3.33995602
2007-06-10 11:05:00,3.03341503
2007-06-10 11:10:00,2.89781315
2007-06-10 11:15:00,2.6813911
2007-06-10 11:20:00,2.47133354
2007-06-10 11:25:00,2.90453879
2007-06-10 11:30:00,2.98017708
2007-06-10 11:35:00,3.00633305
2007-06-10 11:40:00,2.97373239
2007-06-10 11:45:00,2.51166472
2007-06-10 11:50:00,2.79306284
2007-06-10 11:55:00,2.28262797
2007-06-10 12:00:00,2.42123095
2007-06-10 12:05:00,3.43262028
2007-06-10 12:10:00,3.98986446
2007-06-10 12:15:00,3.5391313
2007-06-10 12:20:00,3.12647942
2007-06-10 12:25:00,2.32981396
2007-06-10 12:30:00,2.40109012
2007-06-10 12:35:00,2.33748897
2007-06-10 12:40:00,2.21963077
2007-06-10 12:45:00,2.3668628
2007-06-10 12:50:00,2.51945781
2007-06-10 12:55:00,2.29183591
2007-06-10 13:00:00,2.6070646
2007-06-10 13:05:00,2.46747399
2007-06-10 13:10:00,2.56605168
2007-06-10 13:15:00,2.65711736
2007-06-10 13:20:00,2.75127783
2007-06-10 13:25:00,2.4894775
2007-06-10 13:30:00,1.92973961
2007-06-10 13:35:00,1.97744328
2007-06-10 13:40:00,2.21839815
2007-06-10 13:45:00,2.21155037
2007-06-10 13:50:00,2.48021716
2007-06-10 13:55:00,2.64178688
2007-06-10 14:00:00,2.32594835
2007-06-10 14:05:00,2.77218919
2007-06-10 14:10:00,2.12815088
2007-06-10 14:15:00,1.37873337
2007-06-10 14:20:00,1.19544951
2007-06-10 14:25:00,1.20690986
2007-06-10 14:30:00,1.11568315
2007-06-10 14:35:00,1.29955272
2007-06-10 14:40:00,1.18026216
2007-06-10 14:45:00,1.65803479
2007-06-10 14:50:00,1.916901
2007-06-10 14:55:00,1.26502254
2007-06-10 15:00:00,1.34082855
2007-06-10 15:05:00,1.17489654
2007-06-10 15:10:00,1.17241197
2007-06-10 15:15:00,1.14313668
2007-06-10 15:20:00,1.39439632
2007-06-10 15:25:00,0.98331883
2007-06-10 15:30:00,1.54926774
2007-06-10 15:35:00,1.09547112
2007-06-10 15:40:00,0.94588347
2007-06-10 15:45:00,1.01245356
2007-06-10 15:50:00,1.32769628
2007-06-10 15:55:00,1.17311155
2007-06-10 16:00:00,1.62378102
2007-06-10 16:05:00,2.27275031
2007-06-10 16:10:00,2.27352686
2007-06-10 16:15:00,2.38856139
2007-06-10 16:20:00,2.00825459
2007-06-10 16:25:00,1.3782536
2007-06-10 16:30:00,1.30382913
2007-06-10 16:35:00,1.59020853
2007-06-10 16:40:00,1.30651793
2007-06-10 16:45:00,1.36374327
2007-06-10 16:50:00,1.23552574
2007-06-10 16:55:00,0.89515366
2007-06-10 17:00:00,1.64071274
2007-06-10 17:05:00,0.82070893
2007-06-10 17:10:00,1.06502176
2007-06-10 17:15:00,1.05911765
2007-06-10 17:20:00,1.31295685
2007-06-10 17:25:00,1.25042016
2007-06-10 17:30:00,1.13110097
2007-06-10 17:35:00,1.00994391
2007-06-10 17:40:00,0.76892177
2007-06-10 17:45:00,0.64184753
2007-06-10 17:50:00,0.78756378
2007-06-10 17:55:00,0.79307438
2007-06-10 18:00:00,0.9696068
2007-06-10 18:05:00,0.89269277
2007-06-10 18:10:00,0.86496333
2007-06-10 18:15:00,0.88906334
2007-06-10 18:20:00,1.50258149
2007-06-10 18:25:00,1.24380863
2007-06-10 18:30:00,1.58638297
2007-06-10 18:35:00,1.31754917
2007-06-10 18:40:00,1.87621017
2007-06-10 18:45:00,1.0169036
2007-06-10 18:50:00,0.94072982
2007-06-10 18:55:00,1.18615638
2007-06-10 19:00:00,1.0553733
2007-06-10 19:05:00,1.04765146
2007-06-10 19:10:00,0.70467639
2007-06-10 19:15:00,0.65027491
2007-06-10 19:20:00,0.68257183
2007-06-10 19:25:00,0.91327453
2007-06-10 19:30:00,0.76471961
2007-06-10 19:35:00,0.90932493
2007-06-10 19:40:00,1.2081335
2007-06-10 19:45:00,0.9472858
2007-06-10 19:50:00,0.85359896
2007-06-10 19:55:00,0.84051061
2007-06-10 20:00:00,0.78297501
2007-06-10 20:05:00,0.81614147
2007-06-10 20:10:00,0.72107088
2007-06-10 20:15:00,0.67001769
2007-06-10 20:20:00,0.81361039
2007-06-10 20:25:00,1.10213008
2007-06-10 20:30:00,0.98971165
2007-06-10 20:35:00,0.84979946
2007-06-10 20:40:00,0.95379135
2007-06-10 20:45:00,0.87971634
2007-06-10 20:50:00,0.79115045
2007-06-10 20:55:00,0.8844064
2007-06-10 21:00:00,1.61949243
2007-06-10 21:05:00,2.39972112
2007-06-10 21:10:00,1.45763457
2007-06-10 21:15:00,1.3724052
2007-06-10 21:20:00,0.93132614
2007-06-10 21:25:00,1.003577
2007-06-10 21:30:00,0.95210323
2007-06-10 21:35:00,1.02210895
2007-06-10 21:40:00,1.13612727
2007-06-10 21:45:00,1.12768647
2007-06-10 21:50:00,1.39936269
2007-06-10 21:55:00,2.16060632
2007-06-10 22:00:00,2.0078617
2007-06-10 22:05:00,1.9428217
2007-06-10 22:10:00,2.82771153
2007-06-10 22:15:00,2.39697805
2007-06-10 22:20:00,3.16098997
2007-06-10 22:25:00,3.11324637
2007-06-10 22:30:00,3.37335877
2007-06-10 22:35:00,3.45544227
2007-06-10 22:40:00,3.99383378
2007-06-10 22:45:00,3.38750898
2007-06-10 22:50:00,3.56922832
2007-06-10 22:55:00,3.58501551
2007-06-10 23:00:00,4.28934848
2007-06-10 23:05:00,4.19842824
2007-06-10 23:10:00,4.15066215
2007-06-10 23:15:00,5.41775662
2007-06-10 23:20:00,6.10622967
2007-06-10 23:25:00,5.90198839
2007-06-10 23:30:00,7.08635734
2007-06-10 23:35:00,5.51994627
2007-06-10 23:40:00,5.35948196
2007-06-10 23:45:00,5.34625158
2007-06-10 23:50:00,4.82110557
2007-06-10 23:55:00,5.89175434
2007-06-11 00:00:00,5.19792373
2007-06-11 00:05:00,5.73139294
2007-06-11 00:10:00,5.2838646
2007-06-11 00:15:00,6.76793992
2007-06-11 00:20:00,7.81894257
2007-06-11 00:25:00,7.30985227
2007-06-11 00:30:00,6.44422152
2007-06-11 00:35:00,5.9748678
2007-06-11 00:40:00,5.68581106
2007-06-11 00:45:00,7.37917474
2007-06-11 00:50:00,7.06946861
2007-06-11 00:55:00,6.16093307
2007-06-11 01:00:00,6.56264292
2007-06-11 01:05:00,7.42798524
2007-06-11 01:10:00,7.14461444
2007-06-11 01:15:00,6.99559711
2007-06-11 01:20:00,7.46521514
2007-06-11 01:25:00,8.07247467
2007-06-11 01:30:00,8.24448278
2007-06-11 01:35:00,8.40596305
2007-06-11 01:40:00,8.18979163
2007-06-11 01:45:00,7.44553803
2007-06-11 01:50:00,7.43813293
2007-06-11 01:55:00,7.94445112
2007-06-11 02:00:00,8.80754088
2007-06-11 02:05:00,7.36690511
2007-06-11 02:10:00,6.75045949
2007-06-11 02:15:00,7.82554892
2007-06-11 02:20:00,6.79465659
2007-06-11 02:25:00,7.27596748
2007-06-11 02:30:00,8.29262028
2007-06-11 02:35:00,7.01913474
2007-06-11 02:40:00,7.08919437
2007-06-11 02:45:00,7.70148057
2007-06-11 02:50:00,7.44352538
2007-06-11 02:55:00,6.80257335
2007-06-11 03:00:00,6.54737384
2007-06-11 03:05:00,6.08404189
2007-06-11 03:10:00,6.3846786
2007-06-11 03:15:00,7.19823939
2007-06-11 03:20:00,7.09179533
2007-06-11 03:25:00,7.09018788
2007-06-11 03:30:00,6.9185785
2007-06-11 03:35:00,7.63245925
2007-06-11 03:40:00,7.18083645
2007-06-11 03:45:00,7.12663244
2007-06-11 03:50:00,7.62510045
2007-06-11 03:55:00,7.48270338
2007-06-11 04:00:00,6.26621535
2007-06-11 04:05:00,6.01476744
2007-06-11 04:10:00,7.08424917
2007-06-11 04:15:00,6.15651983
2007-06-11 04:20:00,6.51786363
2007-06-11 04:25:00,6.20447424
2007-06-11 04:30:00,5.98482797
2007-06-11 04:35:00,6.56473731
2007-06-11 04:40:00,7.88979594
2007-06-11 04:45:00,7.03109507
2007-06-11 04:50:00,6.8193867
2007-06-11 04:55:00,5.98071893
2007-06-11 05:00:00,6.75762737
2007-06-11 05:05:00,7.02733023
2007-06-11 05:10:00,7.42626591
2007-06-11 05:15:00,6.73059284
2007-06-11 05:20:00,7.49320318
2007-06-11 05:25:00,7.48528099
2007-06-11 05:30:00,7.33261694
2007-06-11 05:35:00,7.10790242
2007-06-11 05:40:00,6.6659401
2007-06-11 05:45:00,6.71329349
2007-06-11 05:50:00,6.59225297
2007-06-11 05:55:00,6.83161977
2007-06-11 06:00:00,6.95049164
2007-06-11 06:05:00,6.54679439
2007-06-11 06:10:00,6.18167093
2007-06-11 06:15:00,6.25063071
2007-06-11 06:20:00,7.3698078
2007-06-11 06:25:00,7.22584002
2007-06-11 06:30:00,7.16528105
2007-06-11 06:35:00,7.65442702
2007-06-11 06:40:00,7.07006945
2007-06-11 06:45:00,6.41678814
2007-06-11 06:50:00,7.12428771
2007-06-11 06:55:00,6.05589987
2007-06-11 07:00:00,5.69562094
2007-06-11 07:05:00,6.1006739
2007-06-11 07:10:00,5.47702581
2007-06-11 07:15:00,5.12721092
2007-06-11 07:20:00,6.19950122
2007-06-11 07:25:00,5.60304518
2007-06-11 07:30:00,5.28862765
2007-06-11 07:35:00,5.08275111
2007-06-11 07:40:00,4.78641432
2007-06-11 07:45:00,4.64649652
2007-06-11 07:50:00,4.88305528
2007-06-11 07:55:00,4.20180957
2007-06-11 08:00:00,3.96821138
2007-06-11 08:05:00,3.60421194
2007-06-11 08:10:00,3.12076125
2007-06-11 08:15:00,3.75129227
2007-06-11 08:20:00,4.95684186
2007-06-11 08:25:00,4.01455246
2007-06-11 08:30:00,3.68959945
2007-06-11 08:35:00,3.48078963
2007-06-11 08:40:00,3.80197889
2007-06-11 08:45:00,3.73141208
2007-06-11 08:50:00,3.71625238
2007-06-11 08:55:00,3.0933537
2007-06-11 09:00:00,3.27713498
2007-06-11 09:05:00,4.27144162
2007-06-11 09:10:00,4.14688205
2007-06-11 09:15:00,5.33329281
2007-06-11 09:20:00,4.61802316
2007-06-11 09:25:00,4.61509517
2007-06-11 09:30:00,4.97463509
2007-06-11 09:35:00,5.26719522
2007-06-11 09:40:00,5.59153258
2007-06-11 09:45:00,4.41076431
2007-06-11 09:50:00,4.81243343
2007-06-11 09:55:00,4.79262372
2007-06-11 10:00:00,5.32053542
2007-06-11 10:05:00,4.8066503
2007-06-11 10:10:00,3.38842347
2007-06-11 10:15:00,4.63016192
2007-06-11 10:20:00,5.74360318
2007-06-11 10:25:00,4.91942389
2007-06-11 10:30:00,5.82358575
2007-06-11 10:35:00,4.85463634
2007-06-11 10:40:00,5.49940612
2007-06-11 10:45:00,5.86263675
2007-06-11 10:50:00,5.63863886
2007-06-11 10:55:00,5.59226589
2007-06-11 11:00:00,5.51192599
2007-06-11 11:05:00,6.11600343
2007-06-11 11:10:00,5.40337585
2007-06-11 11:15:00,4.7169513
2007-06-11 11:20:00,4.35659246
2007-06-11 11:25:00,4.21878948
2007-06-11 11:30:00,4.03881689
2007-06-11 11:35:00,4.69884471
2007-06-11 11:40:00,4.85048291
2007-06-11 11:45:00,4.20596599
2007-06-11 11:50:00,3.5062433
2007-06-11 11:55:00,2.96803764
2007-06-11 12:00:00,4.05025324
2007-06-11 12:05:00,3.42614939
2007-06-11 12:10:00,2.77790561
2007-06-11 12:15:00,2.75623038
2007-06-11 12:20:00,3.30299801
2007-06-11 12:25:00,3.30449731
2007-06-11 12:30:00,3.2090425
2007-06-11 12:35:00,3.69570226
2007-06-11 12:40:00,3.35993864
2007-06-11 12:45:00,3.97615023
2007-06-11 12:50:00,3.4809875
2007-06-11 12:55:00,3.04940049
2007-06-11 13:00:00,2.9605298
2007-06-11 13:05:00,3.03356919
2007-06-11 13:10:00,2.81814523
2007-06-11 13:15:00,2.63516446
2007-06-11 13:20:00,2.6675232
2007-06-11 13:25:00,2.52900174
2007-06-11 13:30:00,2.95087995
2007-06-11 13:35:00,3.44010667
2007-06-11 13:40:00,3.01052048
2007-06-11 13:45:00,2.87422306
2007-06-11 13:50:00,2.49115909
2007-06-11 13:55:00,2.24966935
2007-06-11 14:00:00,2.26223263
2007-06-11 14:05:00,2.60609362
2007-06-11 14:10:00,2.07417414
2007-06-11 14:15:00,1.76653598
2007-06-11 14:20:00,1.70590426
2007-06-11 14:25:00,2.07206205
2007-06-11 14:30:00,2.2247554
2007-06-11 14:35:00,2.10055962
2007-06-11 14:40:00,1.99424243
2007-06-11 14:45:00,2.11746299
2007-06-11 14:50:00,1.96424468
2007-06-11 14:55:00,2.26259951
2007-06-11 15:00:00,2.14792541
2007-06-11 15:05:00,1.89958882
2007-06-11 15:10:00,1.74456642
2007-06-11 15:15:00,1.73545539
2007-06-11 15:20:00,1.70875285
2007-06-11 15:25:00,1.63047637
2007-06-11 15:30:00,2.80993011
2007-06-11 15:35:00,3.00083747
2007-06-11 15:40:00,2.19791064
2007-06-11 15:45:00,2.23802887
2007-06-11 15:50:00,2.16543535
2007-06-11 15:55:00,1.67489042
2007-06-11 16:00:00,1.35294757
2007-06-11 16:05:00,1.64029376
2007-06-11 16:10:00,1.25473363
2007-06-11 16:15:00,1.23535155
2007-06-11 16:20:00,1.78025947
2007-06-11 16:25:00,1.65452773
2007-06-11 16:30:00,0.81738055
2007-06-11 16:35:00,0.52353458
2007-06-11 16:40:00,0.78577108
2007-06-11 16:45:00,0.79556378
2007-06-11 16:50:00,0.80089875
2007-06-11 16:55:00,1.00589688
2007-06-11 17:00:00,0.9745984
2007-06-11 17:05:00,1.02210495
2007-06-11 17:10:00,1.21357665
2007-06-11 17:15:00,1.14458301
2007-06-11 17:20:00,1.02306175
2007-06-11 17:25:00,0.46110769
2007-06-11 17:30:00,1.07952254
2007-06-11 17:35:00,0.89963861
2007-06-11 17:40:00,0.65949272
2007-06-11 17:45:00,0.8760902
2007-06-11 17:50:00,0.67191834
2007-06-11 17:55:00,0.88521474
2007-06-11 18:00:00,0.75665681
2007-06-11 18:05:00,0.70805069
2007-06-11 18:10:00,0.67452068
2007-06-11 18:15:00,0.51338194
2007-06-11 18:20:00,0.51668564
2007-06-11 18:25:00,0.66809933
2007-06-11 18:30:00,0.73897756
2007-06-11 18:35:00,0.63177069
2007-06-11 18:40:00,1.60267674
2007-06-11 18:45:00,1.14176649
2007-06-11 18:50:00,0.72158734
2007-06-11 18:55:00,0.74283915
2007-06-11 19:00:00,0.78048206
2007-06-11 19:05:00,0.6020922
2007-06-11 19:10:00,0.97039136
2007-06-11 19:15:00,1.13393436
2007-06-11 19:20:00,0.71935615
2007-06-11 19:25:00,1.01205052
2007-06-11 19:30:00,0.48715422
2007-06-11 19:35:00,0.52250822
2007-06-11 19:40:00,0.4739091
2007-06-11 19:45:00,0.54120518
2007-06-11 19:50:00,0.57088229
2007-06-11 19:55:00,0.50388639
2007-06-11 20:00:00,0.53535071
2007-06-11 20:05:00,0.52144625
2007-06-11 20:10:00,0.4178291
2007-06-11 20:15:00,0.62842258
2007-06-11 20:20:00,0.64567956
2007-06-11 20:25:00,0.62059336
2007-06-11 20:30:00,0.5585616
2007-06-11 20:35:00,0.44889637
2007-06-11 20:40:00,0.5797251
2007-06-11 20:45:00,0.50865637
2007-06-11 20:50:00,0.50938365
2007-06-11 20:55:00,0.5632211
2007-06-11 21:00:00,0.56824973
2007-06-11 21:05:00,0.56985993
2007-06-11 21:10:00,0.77995378
2007-06-11 21:15:00,0.73948512
2007-06-11 21:20:00,0.75114362
2007-06-11 21:25:00,1.04567869
2007-06-11 21:30:00,0.86394874
2007-06-11 21:35:00,1.33051576
2007-06-11 21:40:00,0.92145401
2007-06-11 21:45:00,0.8854633
2007-06-11 21:50:00,1.14609975
2007-06-11 21:55:00,1.10876326
2007-06-11 22:00:00,1.37244441
2007-06-11 22:05:00,1.5356175
2007-06-11 22:10:00,1.61507047
2007-06-11 22:15:00,1.58575593
2007-06-11 22:20:00,1.85661844
2007-06-11 22:25:00,1.76148748
2007-06-11 22:30:00,2.0232009
2007-06-11 22:35:00,2.99273448
2007-06-11 22:40:00,3.43105551
2007-06-11 22:45:00,3.56609992
2007-06-11 22:50:00,3.43453539
2007-06-11 22:55:00,2.75147532
2007-06-11 23:00:00,3.02138807
2007-06-11 23:05:00,4.28026844
2007-06-11 23:10:00,3.95965021
2007-06-11 23:15:00,4.9517563
2007-06-11 23:20:00,6.1594821
2007-06-11 23:25:00,5.04401031
2007-06-11 23:30:00,4.96200968
2007-06-11 23:35:00,5.4463119
2007-06-11 23:40:00,6.0926478
2007-06-11 23:45:00,5.53376745
2007-06-11 23:50:00,6.46665655
2007-06-11 23:55:00,7.69074473
2007-06-12 00:00:00,7.46788001
2007-06-12 00:05:00,7.45333146
2007-06-12 00:10:00,6.80575504
2007-06-12 00:15:00,7.81227455
2007-06-12 00:20:00,7.52405287
2007-06-12 00:25:00,6.97098552
2007-06-12 00:30:00,6.05107624
2007-06-12 00:35:00,5.80617424
2007-06-12 00:40:00,5.80490488
2007-06-12 00:45:00,5.63657953
2007-06-12 00:50:00,6.6299806
2007-06-12 00:55:00,6.29289065
2007-06-12 01:00:00,5.39045605
2007-06-12 01:05:00,6.15248112
2007-06-12 01:10:00,5.70718846
2007-06-12 01:15:00,6.53641454
2007-06-12 01:20:00,7.02535135
2007-06-12 01:25:00,7.35054678
2007-06-12 01:30:00,7.13885494
2007-06-12 01:35:00,6.27920784
2007-06-12 01:40:00,7.38142909
2007-06-12 01:45:00,6.92398396
2007-06-12 01:50:00,7.73073464
2007-06-12 01:55:00,7.70270321
2007-06-12 02:00:00,6.82117995
2007-06-12 02:05:00,7.03327194
2007-06-12 02:10:00,6.44463444
2007-06-12 02:15:00,6.94198662
2007-06-12 02:20:00,7.18321208
2007-06-12 02:25:00,6.58698045
2007-06-12 02:30:00,6.13623427
2007-06-12 02:35:00,6.11971366
2007-06-12 02:40:00,6.58014822
2007-06-12 02:45:00,8.2331442
2007-06-12 02:50:00,7.96676099
2007-06-12 02:55:00,7.74142754
2007-06-12 03:00:00,7.84296733
2007-06-12 03:05:00,7.11319199
2007-06-12 03:10:00,6.71155636
2007-06-12 03:15:00,5.7557174
2007-06-12 03:20:00,5.6161777
2007-06-12 03:25:00,6.66470514
2007-06-12 03:30:00,7.03312873
2007-06-12 03:35:00,6.94788947
2007-06-12 03:40:00,7.2637243
2007-06-12 03:45:00,8.25180959
2007-06-12 03:50:00,8.08432229
2007-06-12 03:55:00,8.19115126
2007-06-12 04:00:00,8.20392052
2007-06-12 04:05:00,7.96628779
2007-06-12 04:10:00,8.53426333
2007-06-12 04:15:00,9.00456277
2007-06-12 04:20:00,7.83558032
2007-06-12 04:25:00,7.77629359
2007-06-12 04:30:00,6.58305082
2007-06-12 04:35:00,6.61131976
2007-06-12 04:40:00,6.48755356
2007-06-12 04:45:00,7.04452273
2007-06-12 04:50:00,7.5097051
2007-06-12 04:55:00,7.2483532
2007-06-12 05:00:00,5.98861382
2007-06-12 05:05:00,5.10190884
2007-06-12 05:10:00,6.66519394
2007-06-12 05:15:00,7.0210718
2007-06-12 05:20:00,6.52024337
2007-06-12 05:25:00,7.32929513
2007-06-12 05:30:00,7.71206956
2007-06-12 05:35:00,6.90046291
2007-06-12 05:40:00,6.65512139
2007-06-12 05:45:00,7.32414073
2007-06-12 05:50:00,7.97598719
2007-06-12 05:55:00,7.93086889
2007-06-12 06:00:00,6.68126059
2007-06-12 06:05:00,6.72035797
2007-06-12 06:10:00,7.26737026
2007-06-12 06:15:00,7.36512971
2007-06-12 06:20:00,7.46806181
2007-06-12 06:25:00,7.00069898
2007-06-12 06:30:00,7.23453048
2007-06-12 06:35:00,6.84410046
2007-06-12 06:40:00,7.94657184
2007-06-12 06:45:00,7.61812539
2007-06-12 06:50:00,7.52144966
2007-06-12 06:55:00,6.9269822
2007-06-12 07:00:00,5.65672781
2007-06-12 07:05:00,4.85843908
2007-06-12 07:10:00,4.41376099
2007-06-12 07:15:00,4.56857574
2007-06-12 07:20:00,4.81544323
2007-06-12 07:25:00,4.58297656
2007-06-12 07:30:00,4.87636132
2007-06-12 07:35:00,3.66821226
2007-06-12 07:40:00,3.86305521
2007-06-12 07:45:00,3.88472967
2007-06-12 07:50:00,4.18619929
2007-06-12 07:55:00,3.68285299
2007-06-12 08:00:00,3.77544243
2007-06-12 08:05:00,4.64842557
2007-06-12 08:10:00,4.59087141
2007-06-12 08:15:00,4.88753948
2007-06-12 08:20:00,4.82654968
2007-06-12 08:25:00,5.36766191
2007-06-12 08:30:00,5.6781942
2007-06-12 08:35:00,5.17258293
2007-06-12 08:40:00,4.39906838
2007-06-12 08:45:00,4.25360792
2007-06-12 08:50:00,4.99947257
2007-06-12 08:55:00,5.39210861
2007-06-12 09:00:00,4.59520467
2007-06-12 09:05:00,4.74117919
2007-06-12 09:10:00,5.32287735
2007-06-12 09:15:00,5.05000292
2007-06-12 09:20:00,4.82172406
2007-06-12 09:25:00,4.43151545
2007-06-12 09:30:00,4.59827994
2007-06-12 09:35:00,4.62052176
2007-06-12 09:40:00,4.98404724
2007-06-12 09:45:00,5.25789849
2007-06-12 09:50:00,4.85791684
2007-06-12 09:55:00,4.39862624
2007-06-12 10:00:00,3.93485427
2007-06-12 10:05:00,4.48204029
2007-06-12 10:10:00,5.21904036
2007-06-12 10:15:00,5.788339
2007-06-12 10:20:00,4.32698477
2007-06-12 10:25:00,3.56170607
2007-06-12 10:30:00,4.49876778
2007-06-12 10:35:00,4.63583104
2007-06-12 10:40:00,4.6204541
2007-06-12 10:45:00,4.42362122
2007-06-12 10:50:00,4.8142652
2007-06-12 10:55:00,5.51922528
2007-06-12 11:00:00,5.49559784
2007-06-12 11:05:00,4.94250645
2007-06-12 11:10:00,5.03985855
2007-06-12 11:15:00,5.30707077
2007-06-12 11:20:00,4.27624705
2007-06-12 11:25:00,3.91973327
2007-06-12 11:30:00,3.71181085
2007-06-12 11:35:00,3.57736882
2007-06-12 11:40:00,3.67421475
2007-06-12 11:45:00,4.52342372
2007-06-12 11:50:00,3.97553678
2007-06-12 11:55:00,3.74528654
2007-06-12 12:00:00,4.77554967
2007-06-12 12:05:00,4.84911312
2007-06-12 12:10:00,4.26696074
2007-06-12 12:15:00,4.00802248
2007-06-12 12:20:00,4.36075768
2007-06-12 12:25:00,4.29263486
2007-06-12 12:30:00,4.71220339
2007-06-12 12:35:00,3.61895628
2007-06-12 12:40:00,3.28585096
2007-06-12 12:45:00,3.53932173
2007-06-12 12:50:00,3.51658825
2007-06-12 12:55:00,3.48520428
2007-06-12 13:00:00,3.32050623
2007-06-12 13:05:00,3.38782985
2007-06-12 13:10:00,3.72039075
2007-06-12 13:15:00,3.46575744
2007-06-12 13:20:00,3.80144777
2007-06-12 13:25:00,3.74110357
2007-06-12 13:30:00,3.5441888
2007-06-12 13:35:00,3.36622632
2007-06-12 13:40:00,3.20282377
2007-06-12 13:45:00,2.18104245
2007-06-12 13:50:00,1.99080696
2007-06-12 13:55:00,2.74359356
2007-06-12 14:00:00,1.81044592
2007-06-12 14:05:00,1.88169936
2007-06-12 14:10:00,1.66050538
2007-06-12 14:15:00,1.953772
2007-06-12 14:20:00,2.06752103
2007-06-12 14:25:00,2.20523755
2007-06-12 14:30:00,2.46175014
2007-06-12 14:35:00,2.0096256
2007-06-12 14:40:00,2.07968792
2007-06-12 14:45:00,1.9785636
2007-06-12 14:50:00,2.08847911
2007-06-12 14:55:00,1.58034208
2007-06-12 15:00:00,1.60781165
2007-06-12 15:05:00,1.5522079
2007-06-12 15:10:00,1.65572861
2007-06-12 15:15:00,1.56848227
2007-06-12 15:20:00,1.16105543
2007-06-12 15:25:00,1.37089427
2007-06-12 15:30:00,1.24351207
2007-06-12 15:35:00,1.23128059
2007-06-12 15:40:00,1.60385585
2007-06-12 15:45:00,1.71672269
2007-06-12 15:50:00,0.96804482
2007-06-12 15:55:00,0.89829152
2007-06-12 16:00:00,1.29853391
2007-06-12 16:05:00,1.11129701
2007-06-12 16:10:00,1.29864884
2007-06-12 16:15:00,1.32900692
2007-06-12 16:20:00,1.24900667
2007-06-12 16:25:00,1.17705772
2007-06-12 16:30:00,1.79256945
2007-06-12 16:35:00,1.30200146
2007-06-12 16:40:00,0.96693103
2007-06-12 16:45:00,1.08098466
2007-06-12 16:50:00,1.01356589
2007-06-12 16:55:00,1.44744216
2007-06-12 17:00:00,1.42155085
2007-06-12 17:05:00,1.01783461
2007-06-12 17:10:00,1.06471493
2007-06-12 17:15:00,0.8271529
2007-06-12 17:20:00,1.30608794
2007-06-12 17:25:00,0.78343515
2007-06-12 17:30:00,0.58155543
2007-06-12 17:35:00,0.5946928
2007-06-12 17:40:00,0.59261765
2007-06-12 17:45:00,0.73475888
2007-06-12 17:50:00,0.53481044
2007-06-12 17:55:00,0.83616372
2007-06-12 18:00:00,0.55151729
2007-06-12 18:05:00,0.63172895
2007-06-12 18:10:00,0.95657654
2007-06-12 18:15:00,0.58690628
2007-06-12 18:20:00,0.57146851
2007-06-12 18:25:00,0.54376486
2007-06-12 18:30:00,0.42934153
2007-06-12 18:35:00,0.69777546
2007-06-12 18:40:00,0.69798673
2007-06-12 18:45:00,0.83428922
2007-06-12 18:50:00,0.69908888
2007-06-12 18:55:00,0.74583942
2007-06-12 19:00:00,2.32807019
2007-06-12 19:05:00,1.75681844
2007-06-12 19:10:00,1.96691407
2007-06-12 19:15:00,1.2614132
2007-06-12 19:20:00,1.20582827
2007-06-12 19:25:00,0.90125936
2007-06-12 19:30:00,1.0390682
2007-06-12 19:35:00,1.0642699
2007-06-12 19:40:00,0.82202048
2007-06-12 19:45:00,1.14166004
2007-06-12 19:50:00,0.7625275
2007-06-12 19:55:00,0.84912124
2007-06-12 20:00:00,1.19883124
2007-06-12 20:05:00,0.85710259
2007-06-12 20:10:00,0.807
2007-06-12 20:15:00,0.88115798
2007-06-12 20:20:00,1.0110721
2007-06-12 20:25:00,0.61114494
2007-06-12 20:30:00,1.12495173
2007-06-12 20:35:00,1.00351107
2007-06-12 20:40:00,0.79120961
2007-06-12 20:45:00,1.80457402
2007-06-12 20:50:00,2.79358263
2007-06-12 20:55:00,2.67468191
2007-06-12 21:00:00,1.26773251
2007-06-12 21:05:00,0.87253934
2007-06-12 21:10:00,0.69012528
2007-06-12 21:15:00,0.90576914
2007-06-12 21:20:00,1.44724619
2007-06-12 21:25:00,1.18844928
2007-06-12 21:30:00,1.30532285
2007-06-12 21:35:00,1.53645234
2007-06-12 21:40:00,1.89782791
2007-06-12 21:45:00,1.28463118
2007-06-12 21:50:00,1.29077489
2007-06-12 21:55:00,1.83569408
2007-06-12 22:00:00,2.24909688
2007-06-12 22:05:00,2.0986112
2007-06-12 22:10:00,3.25019552
2007-06-12 22:15:00,3.11469324
2007-06-12 22:20:00,2.4432268
2007-06-12 22:25:00,2.14896222
2007-06-12 22:30:00,2.76290653
2007-06-12 22:35:00,2.82821465
2007-06-12 22:40:00,3.06454379
2007-06-12 22:45:00,3.85636288
2007-06-12 22:50:00,3.03493316
2007-06-12 22:55:00,4.02548187
2007-06-12 23:00:00,3.72795055
2007-06-12 23:05:00,3.03282262
2007-06-12 23:10:00,3.98091763
2007-06-12 23:15:00,4.15386754
2007-06-12 23:20:00,5.00985225
2007-06-12 23:25:00,4.60676381
2007-06-12 23:30:00,4.30879517
2007-06-12 23:35:00,4.43001356
2007-06-12 23:40:00,3.51401616
2007-06-12 23:45:00,4.07892861
2007-06-12 23:50:00,4.41274604
2007-06-12 23:55:00,4.1863837
2007-06-13 00:00:00,5.04444412
2007-06-13 00:05:00,4.43884189
2007-06-13 00:10:00,4.67332734
2007-06-13 00:15:00,4.8842607
2007-06-13 00:20:00,4.80426407
2007-06-13 00:25:00,5.38152687
2007-06-13 00:30:00,5.47016688
2007-06-13 00:35:00,5.33195033
2007-06-13 00:40:00,5.42248198
2007-06-13 00:45:00,4.82027718
2007-06-13 00:50:00,5.16158541
2007-06-13 00:55:00,5.14519758
2007-06-13 01:00:00,4.56766659
2007-06-13 01:05:00,5.77498476
2007-06-13 01:10:00,5.4670908
2007-06-13 01:15:00,5.96803285
2007-06-13 01:20:00,6.33198795
2007-06-13 01:25:00,6.27609873
2007-06-13 01:30:00,5.44345938
2007-06-13 01:35:00,5.63985043
2007-06-13 01:40:00,5.64726567
2007-06-13 01:45:00,6.23040338
2007-06-13 01:50:00,5.82716955
2007-06-13 01:55:00,7.81271548
2007-06-13 02:00:00,6.43263112
2007-06-13 02:05:00,7.22561054
2007-06-13 02:10:00,6.51902963
2007-06-13 02:15:00,7.33088159
2007-06-13 02:20:00,6.29639579
2007-06-13 02:25:00,6.25298495
2007-06-13 02:30:00,6.41279142
2007-06-13 02:35:00,5.98214086
2007-06-13 02:40:00,6.31752474
2007-06-13 02:45:00,6.87013067
2007-06-13 02:50:00,7.24527722
2007-06-13 02:55:00,7.03129243
2007-06-13 03:00:00,6.4944889
2007-06-13 03:05:00,6.16705864
2007-06-13 03:10:00,6.43389366
2007-06-13 03:15:00,6.38988496
2007-06-13 03:20:00,6.27117906
2007-06-13 03:25:00,6.57984463
2007-06-13 03:30:00,6.25827326
2007-06-13 03:35:00,6.24064072
2007-06-13 03:40:00,6.70397407
2007-06-13 03:45:00,6.60272925
2007-06-13 03:50:00,6.14527588
2007-06-13 03:55:00,6.50238155
2007-06-13 04:00:00,6.01701721
2007-06-13 04:05:00,6.16940808
2007-06-13 04:10:00,6.24524067
2007-06-13 04:15:00,6.2217738
2007-06-13 04:20:00,6.27137147
2007-06-13 04:25:00,6.18934715
2007-06-13 04:30:00,6.26198953
2007-06-13 04:35:00,6.69404114
2007-06-13 04:40:00,6.2088082
2007-06-13 04:45:00,6.94284717
2007-06-13 04:50:00,6.72087385
2007-06-13 04:55:00,6.60374016
2007-06-13 05:00:00,6.76223184
2007-06-13 05:05:00,6.21904686
2007-06-13 05:10:00,6.39021036
2007-06-13 05:15:00,6.49109287
2007-06-13 05:20:00,6.59905615
2007-06-13 05:25:00,6.48748711
2007-06-13 05:30:00,6.66414046
2007-06-13 05:35:00,6.77644102
2007-06-13 05:40:00,6.97405002
2007-06-13 05:45:00,6.67865337
2007-06-13 05:50:00,8.16675362
2007-06-13 05:55:00,8.32244756
2007-06-13 06:00:00,6.67394564
2007-06-13 06:05:00,6.02304804
2007-06-13 06:10:00,5.85085789
2007-06-13 06:15:00,6.29801094
2007-06-13 06:20:00,6.0919036
2007-06-13 06:25:00,7.55973741
2007-06-13 06:30:00,6.38175813
2007-06-13 06:35:00,6.62886652
2007-06-13 06:40:00,5.3922698
2007-06-13 06:45:00,5.86415995
2007-06-13 06:50:00,5.8073061
2007-06-13 06:55:00,4.75211591
2007-06-13 07:00:00,4.59952879
2007-06-13 07:05:00,5.29249668
2007-06-13 07:10:00,4.21895367
2007-06-13 07:15:00,3.61438678
2007-06-13 07:20:00,3.75070872
2007-06-13 07:25:00,3.31185399
2007-06-13 07:30:00,2.84785464
2007-06-13 07:35:00,3.01016165
2007-06-13 07:40:00,3.1991642
2007-06-13 07:45:00,3.40435947
2007-06-13 07:50:00,3.57089063
2007-06-13 07:55:00,3.13475867
2007-06-13 08:00:00,3.65677037
2007-06-13 08:05:00,3.40883332
2007-06-13 08:10:00,3.51348626
2007-06-13 08:15:00,2.91243488
2007-06-13 08:20:00,2.99239835
2007-06-13 08:25:00,3.5721853
2007-06-13 08:30:00,3.42820244
2007-06-13 08:35:00,3.89835905
2007-06-13 08:40:00,3.82530513
2007-06-13 08:45:00,3.61793512
2007-06-13 08:50:00,3.29617805
2007-06-13 08:55:00,3.70481957
2007-06-13 09:00:00,4.0982251
2007-06-13 09:05:00,3.36028117
2007-06-13 09:10:00,3.26523365
2007-06-13 09:15:00,3.7343316
2007-06-13 09:20:00,5.07286586
2007-06-13 09:25:00,4.57731829
2007-06-13 09:30:00,4.11391148
2007-06-13 09:35:00,4.17158575
2007-06-13 09:40:00,3.89529336
2007-06-13 09:45:00,4.39724672
2007-06-13 09:50:00,3.36517692
2007-06-13 09:55:00,3.65031756
2007-06-13 10:00:00,4.09162788
2007-06-13 10:05:00,3.66776447
2007-06-13 10:10:00,4.18097308
2007-06-13 10:15:00,4.04363848
2007-06-13 10:20:00,3.61656084
2007-06-13 10:25:00,4.19385176
2007-06-13 10:30:00,3.17243118
2007-06-13 10:35:00,2.97227243
2007-06-13 10:40:00,3.22544423
2007-06-13 10:45:00,3.3332803
2007-06-13 10:50:00,4.44585323
2007-06-13 10:55:00,3.81891952
2007-06-13 11:00:00,3.6400665
2007-06-13 11:05:00,4.21781975
2007-06-13 11:10:00,3.40154678
2007-06-13 11:15:00,3.25382671
2007-06-13 11:20:00,3.09651371
2007-06-13 11:25:00,3.44701331
2007-06-13 11:30:00,3.27513233
2007-06-13 11:35:00,2.93432407
2007-06-13 11:40:00,3.05413298
2007-06-13 11:45:00,3.1863698
2007-06-13 11:50:00,2.91604917
2007-06-13 11:55:00,3.74540436
2007-06-13 12:00:00,3.22637656
2007-06-13 12:05:00,3.91933551
2007-06-13 12:10:00,8.08563702
2007-06-13 12:15:00,2.93871899
2007-06-13 12:20:00,3.42167787
2007-06-13 12:25:00,3.98190868
2007-06-13 12:30:00,3.83772186
2007-06-13 12:35:00,4.11624472
2007-06-13 12:40:00,3.40876547
2007-06-13 12:45:00,2.7959968
2007-06-13 12:50:00,2.50634601
2007-06-13 12:55:00,3.04600482
2007-06-13 13:00:00,2.15495708
2007-06-13 13:05:00,2.41823444
2007-06-13 13:10:00,2.29546071
2007-06-13 13:15:00,1.79233667
2007-06-13 13:20:00,1.73910789
2007-06-13 13:25:00,1.94818422
2007-06-13 13:30:00,1.7379914
2007-06-13 13:35:00,1.82607844
2007-06-13 13:40:00,2.33056993
2007-06-13 13:45:00,2.2428015
2007-06-13 13:50:00,1.81529565
2007-06-13 13:55:00,2.08502182
2007-06-13 14:00:00,1.81596674
2007-06-13 14:05:00,1.84218659
2007-06-13 14:10:00,1.47306219
2007-06-13 14:15:00,1.70315735
2007-06-13 14:20:00,1.37762503
2007-06-13 14:25:00,1.63347356
2007-06-13 14:30:00,1.47661002
2007-06-13 14:35:00,1.92002483
2007-06-13 14:40:00,1.22977906
2007-06-13 14:45:00,2.14022123
2007-06-13 14:50:00,1.92055102
2007-06-13 14:55:00,2.06405625
2007-06-13 15:00:00,3.81139083
2007-06-13 15:05:00,2.22521319
2007-06-13 15:10:00,1.81952276
2007-06-13 15:15:00,1.88251355
2007-06-13 15:20:00,1.60467445
2007-06-13 15:25:00,1.79805662
2007-06-13 15:30:00,1.5140286
2007-06-13 15:35:00,1.94150081
2007-06-13 15:40:00,1.45729474
2007-06-13 15:45:00,1.53666663
2007-06-13 15:50:00,1.47862946
2007-06-13 15:55:00,1.67290083
2007-06-13 16:00:00,2.04457497
2007-06-13 16:05:00,1.46541258
2007-06-13 16:10:00,2.09816244
2007-06-13 16:15:00,2.28253915
2007-06-13 16:20:00,1.80514799
2007-06-13 16:25:00,0.99576968
2007-06-13 16:30:00,1.07473158
2007-06-13 16:35:00,1.37850889
2007-06-13 16:40:00,1.62688863
2007-06-13 16:45:00,1.79922251
2007-06-13 16:50:00,1.99695642
2007-06-13 16:55:00,1.73915242
2007-06-13 17:00:00,1.5330306
2007-06-13 17:05:00,1.73963945
2007-06-13 17:10:00,1.54435445
2007-06-13 17:15:00,1.85996206
2007-06-13 17:20:00,1.68540277
2007-06-13 17:25:00,1.01962435
2007-06-13 17:30:00,1.09996942
2007-06-13 17:35:00,1.50400165
2007-06-13 17:40:00,1.56862278
2007-06-13 17:45:00,1.57104714
2007-06-13 17:50:00,1.6418154
2007-06-13 17:55:00,1.18455645
2007-06-13 18:00:00,1.12977354
2007-06-13 18:05:00,1.65430056
2007-06-13 18:10:00,1.50247645
2007-06-13 18:15:00,1.73242828
2007-06-13 18:20:00,0.90495722
2007-06-13 18:25:00,1.21044652
2007-06-13 18:30:00,1.24228494
2007-06-13 18:35:00,1.10192531
2007-06-13 18:40:00,2.01369685
2007-06-13 18:45:00,1.40332657
2007-06-13 18:50:00,0.64748676
2007-06-13 18:55:00,0.87618235
2007-06-13 19:00:00,0.70292412
2007-06-13 19:05:00,0.80417911
2007-06-13 19:10:00,0.81414
2007-06-13 19:15:00,0.65346111
2007-06-13 19:20:00,0.85965696
2007-06-13 19:25:00,0.7479548
2007-06-13 19:30:00,0.84196593
2007-06-13 19:35:00,0.7442731
2007-06-13 19:40:00,0.74508305
2007-06-13 19:45:00,0.6967588
2007-06-13 19:50:00,0.58936604
2007-06-13 19:55:00,0.53419042
2007-06-13 20:00:00,0.45814144
2007-06-13 20:05:00,0.89969034
2007-06-13 20:10:00,0.90253989
2007-06-13 20:15:00,0.84590792
2007-06-13 20:20:00,0.76749576
2007-06-13 20:25:00,0.80914789
2007-06-13 20:30:00,0.94886794
2007-06-13 20:35:00,0.76683587
2007-06-13 20:40:00,0.75956614
2007-06-13 20:45:00,0.59209413
2007-06-13 20:50:00,1.01148026
2007-06-13 20:55:00,1.10068552
2007-06-13 21:00:00,1.25849787
2007-06-13 21:05:00,1.21370121
2007-06-13 21:10:00,1.66241987
2007-06-13 21:15:00,0.79254953
2007-06-13 21:20:00,1.00547134
2007-06-13 21:25:00,1.62300624
2007-06-13 21:30:00,2.00121731
2007-06-13 21:35:00,2.06517698
2007-06-13 21:40:00,2.09877186
2007-06-13 21:45:00,2.90033247
2007-06-13 21:50:00,2.60675609
2007-06-13 21:55:00,1.91559357
2007-06-13 22:00:00,2.24626199
2007-06-13 22:05:00,2.53757517
2007-06-13 22:10:00,2.02576858
2007-06-13 22:15:00,1.96681284
2007-06-13 22:20:00,2.43895409
2007-06-13 22:25:00,2.98666218
2007-06-13 22:30:00,2.962641
2007-06-13 22:35:00,3.68163347
2007-06-13 22:40:00,3.50643204
2007-06-13 22:45:00,3.32655439
2007-06-13 22:50:00,2.89937931
2007-06-13 22:55:00,3.18587569
2007-06-13 23:00:00,3.30571818
2007-06-13 23:05:00,4.18262347
2007-06-13 23:10:00,5.32954478
2007-06-13 23:15:00,3.74983822
2007-06-13 23:20:00,3.86801757
2007-06-13 23:25:00,4.52925924
2007-06-13 23:30:00,4.97968497
2007-06-13 23:35:00,4.57594127
2007-06-13 23:40:00,4.66266074
2007-06-13 23:45:00,6.14594271
2007-06-13 23:50:00,5.03557975
2007-06-13 23:55:00,5.04998708
2007-06-14 00:00:00,4.73803031
2007-06-14 00:05:00,5.40393506
2007-06-14 00:10:00,5.04026505
2007-06-14 00:15:00,5.56997486
2007-06-14 00:20:00,5.46680506
2007-06-14 00:25:00,4.68854965
2007-06-14 00:30:00,4.23571682
2007-06-14 00:35:00,5.83653053
2007-06-14 00:40:00,6.09477504
2007-06-14 00:45:00,7.03530179
2007-06-14 00:50:00,6.24335104
2007-06-14 00:55:00,5.60287646
2007-06-14 01:00:00,4.90711856
2007-06-14 01:05:00,4.9887863
2007-06-14 01:10:00,4.76631632
2007-06-14 01:15:00,5.11057404
2007-06-14 01:20:00,5.73642597
2007-06-14 01:25:00,6.12590518
2007-06-14 01:30:00,6.06645797
2007-06-14 01:35:00,6.06956859
2007-06-14 01:40:00,6.19026685
2007-06-14 01:45:00,6.33757955
2007-06-14 01:50:00,5.35758844
2007-06-14 01:55:00,5.68328275
2007-06-14 02:00:00,5.67191341
2007-06-14 02:05:00,6.72378844
2007-06-14 02:10:00,6.54103702
2007-06-14 02:15:00,6.68583119
2007-06-14 02:20:00,6.45275711
2007-06-14 02:25:00,6.07348127
2007-06-14 02:30:00,6.32258143
2007-06-14 02:35:00,6.45071494
2007-06-14 02:40:00,6.71092459
2007-06-14 02:45:00,6.30758049
2007-06-14 02:50:00,6.78931541
2007-06-14 02:55:00,6.95507564
2007-06-14 03:00:00,6.4215805
2007-06-14 03:05:00,6.73263969
2007-06-14 03:10:00,6.8994463
2007-06-14 03:15:00,7.00570733
2007-06-14 03:20:00,7.52832974
2007-06-14 03:25:00,8.31651776
2007-06-14 03:30:00,8.61095061
2007-06-14 03:35:00,8.59057673
2007-06-14 03:40:00,6.96361384
2007-06-14 03:45:00,6.89602216
2007-06-14 03:50:00,6.81641868
2007-06-14 03:55:00,6.58642402
2007-06-14 04:00:00,5.95516944
2007-06-14 04:05:00,5.96383602
2007-06-14 04:10:00,6.32506776
2007-06-14 04:15:00,7.55848479
2007-06-14 04:20:00,6.5992014
2007-06-14 04:25:00,6.56002272
2007-06-14 04:30:00,7.01210199
2007-06-14 04:35:00,8.59087421
2007-06-14 04:40:00,8.38698048
2007-06-14 04:45:00,6.59337401
2007-06-14 04:50:00,6.33652918
2007-06-14 04:55:00,6.45767229
2007-06-14 05:00:00,6.57802705
2007-06-14 05:05:00,6.62669051
2007-06-14 05:10:00,6.44531008
2007-06-14 05:15:00,5.88704918
2007-06-14 05:20:00,5.94199756
2007-06-14 05:25:00,5.73632349
2007-06-14 05:30:00,5.91953151
2007-06-14 05:35:00,6.52927967
2007-06-14 05:40:00,6.18229335
2007-06-14 05:45:00,6.55769148
2007-06-14 05:50:00,6.94050063
2007-06-14 05:55:00,7.04691432
2007-06-14 06:00:00,6.36999126
2007-06-14 06:05:00,6.29140589
2007-06-14 06:10:00,6.44284919
2007-06-14 06:15:00,6.14160507
2007-06-14 06:20:00,7.13443243
2007-06-14 06:25:00,6.29441073
2007-06-14 06:30:00,6.27162768
2007-06-14 06:35:00,5.51150644
2007-06-14 06:40:00,5.98847504
2007-06-14 06:45:00,5.53003241
2007-06-14 06:50:00,5.71497883
2007-06-14 06:55:00,5.43606218
2007-06-14 07:00:00,5.15359059
2007-06-14 07:05:00,4.79312094
2007-06-14 07:10:00,4.72945435
2007-06-14 07:15:00,4.14935302
2007-06-14 07:20:00,4.01167273
2007-06-14 07:25:00,3.8659811
2007-06-14 07:30:00,3.62973411
2007-06-14 07:35:00,3.64569033
2007-06-14 07:40:00,4.35912732
2007-06-14 07:45:00,3.9544285
2007-06-14 07:50:00,4.17188158
2007-06-14 07:55:00,3.24677265
2007-06-14 08:00:00,3.69625788
2007-06-14 08:05:00,4.33197165
2007-06-14 08:10:00,3.92038417
2007-06-14 08:15:00,3.37086831
2007-06-14 08:20:00,3.78644018
2007-06-14 08:25:00,3.59621863
2007-06-14 08:30:00,3.30134537
2007-06-14 08:35:00,4.52021355
2007-06-14 08:40:00,3.75024219
2007-06-14 08:45:00,3.20287943
2007-06-14 08:50:00,3.58175516
2007-06-14 08:55:00,3.50585211
2007-06-14 09:00:00,4.01707041
2007-06-14 09:05:00,3.61746089
2007-06-14 09:10:00,3.67114587
2007-06-14 09:15:00,4.170652
2007-06-14 09:20:00,4.40843183
2007-06-14 09:25:00,4.57392714
2007-06-14 09:30:00,3.48632695
2007-06-14 09:35:00,4.31803599
2007-06-14 09:40:00,4.77853105
2007-06-14 09:45:00,5.02654811
2007-06-14 09:50:00,4.05604423
2007-06-14 09:55:00,3.28531866
2007-06-14 10:00:00,3.91499964
2007-06-14 10:05:00,4.97550715
2007-06-14 10:10:00,4.11669734
2007-06-14 10:15:00,3.84618547
2007-06-14 10:20:00,3.84557233
2007-06-14 10:25:00,3.16329378
2007-06-14 10:30:00,2.90292677
2007-06-14 10:35:00,3.83598409
2007-06-14 10:40:00,3.5864272
2007-06-14 10:45:00,4.00154848
2007-06-14 10:50:00,3.83659494
2007-06-14 10:55:00,3.72071659
2007-06-14 11:00:00,3.69765187
2007-06-14 11:05:00,4.024526
2007-06-14 11:10:00,3.96505884
2007-06-14 11:15:00,4.3166087
2007-06-14 11:20:00,4.00676845
2007-06-14 11:25:00,3.55263703
2007-06-14 11:30:00,3.55334785
2007-06-14 11:35:00,3.04452029
2007-06-14 11:40:00,3.31272275
2007-06-14 11:45:00,3.45411445
2007-06-14 11:50:00,3.15630878
2007-06-14 11:55:00,3.01666968
2007-06-14 12:00:00,3.15898917
2007-06-14 12:05:00,2.89448656
2007-06-14 12:10:00,2.3979557
2007-06-14 12:15:00,2.30510387
2007-06-14 12:20:00,2.19570753
2007-06-14 12:25:00,2.27246328
2007-06-14 12:30:00,2.28807286
2007-06-14 12:35:00,2.45195918
2007-06-14 12:40:00,3.11469464
2007-06-14 12:45:00,2.47598984
2007-06-14 12:50:00,2.70765127
2007-06-14 12:55:00,2.51079221
2007-06-14 13:00:00,2.41910811
2007-06-14 13:05:00,2.8953057
2007-06-14 13:10:00,2.83193445
2007-06-14 13:15:00,2.61120727
2007-06-14 13:20:00,2.26346759
2007-06-14 13:25:00,2.39548322
2007-06-14 13:30:00,2.23229736
2007-06-14 13:35:00,2.65862081
2007-06-14 13:40:00,2.36602223
2007-06-14 13:45:00,1.62901237
2007-06-14 13:50:00,1.50636427
2007-06-14 13:55:00,1.94966821
2007-06-14 14:00:00,2.31928184
2007-06-14 14:05:00,1.96231768
2007-06-14 14:10:00,2.07516825
2007-06-14 14:15:00,2.27930559
2007-06-14 14:20:00,2.43554457
2007-06-14 14:25:00,1.78189602
2007-06-14 14:30:00,1.89153466
2007-06-14 14:35:00,2.42147705
2007-06-14 14:40:00,2.03275562
2007-06-14 14:45:00,2.74312255
2007-06-14 14:50:00,2.41493837
2007-06-14 14:55:00,2.52664252
2007-06-14 15:00:00,2.67912144
2007-06-14 15:05:00,2.09433173
2007-06-14 15:10:00,2.57768183
2007-06-14 15:15:00,2.69532788
2007-06-14 15:20:00,2.48779908
2007-06-14 15:25:00,2.49013183
2007-06-14 15:30:00,1.64434669
2007-06-14 15:35:00,1.81682229
2007-06-14 15:40:00,2.15674209
2007-06-14 15:45:00,1.63811976
2007-06-14 15:50:00,1.86893017
2007-06-14 15:55:00,1.90362445
2007-06-14 16:00:00,2.02092561
2007-06-14 16:05:00,2.19218488
2007-06-14 16:10:00,2.03239515
2007-06-14 16:15:00,1.85335472
2007-06-14 16:20:00,1.99242777
2007-06-14 16:25:00,1.64713793
2007-06-14 16:30:00,1.53966499
2007-06-14 16:35:00,1.83213046
2007-06-14 16:40:00,2.04778371
2007-06-14 16:45:00,1.51632987
2007-06-14 16:50:00,1.81875301
2007-06-14 16:55:00,1.37784614
2007-06-14 17:00:00,1.4518917
2007-06-14 17:05:00,1.35469609
2007-06-14 17:10:00,1.46927286
2007-06-14 17:15:00,1.26984186
2007-06-14 17:20:00,1.14889369
2007-06-14 17:25:00,1.0575931
2007-06-14 17:30:00,0.85872881
2007-06-14 17:35:00,0.96681105
2007-06-14 17:40:00,0.94625464
2007-06-14 17:45:00,0.81034252
2007-06-14 17:50:00,0.84454686
2007-06-14 17:55:00,0.77216643
2007-06-14 18:00:00,0.87154918
2007-06-14 18:05:00,0.76852881
2007-06-14 18:10:00,0.78144622
2007-06-14 18:15:00,0.84711377
2007-06-14 18:20:00,1.04446084
2007-06-14 18:25:00,1.09284402
2007-06-14 18:30:00,0.96171111
2007-06-14 18:35:00,1.14214133
2007-06-14 18:40:00,1.04834595
2007-06-14 18:45:00,0.76865541
2007-06-14 18:50:00,0.75824097
2007-06-14 18:55:00,0.89288347
2007-06-14 19:00:00,1.05064615
2007-06-14 19:05:00,0.88833554
2007-06-14 19:10:00,0.86062791
2007-06-14 19:15:00,1.09851465
2007-06-14 19:20:00,1.06183636
2007-06-14 19:25:00,1.0097157
2007-06-14 19:30:00,0.7412369
2007-06-14 19:35:00,2.05035213
2007-06-14 19:40:00,0.88419738
2007-06-14 19:45:00,1.0989128
2007-06-14 19:50:00,0.70618702
2007-06-14 19:55:00,0.80455516
2007-06-14 20:00:00,0.6943464
2007-06-14 20:05:00,0.84835732
2007-06-14 20:10:00,0.87050639
2007-06-14 20:15:00,0.84409335
2007-06-14 20:20:00,1.01357266
2007-06-14 20:25:00,1.12642003
2007-06-14 20:30:00,1.12686137
2007-06-14 20:35:00,1.00245969
2007-06-14 20:40:00,0.98125495
2007-06-14 20:45:00,0.80706271
2007-06-14 20:50:00,1.04938369
2007-06-14 20:55:00,1.28300853
2007-06-14 21:00:00,1.02786614
2007-06-14 21:05:00,1.05765542
2007-06-14 21:10:00,1.19173038
2007-06-14 21:15:00,1.01237133
2007-06-14 21:20:00,1.3567279
2007-06-14 21:25:00,1.16857573
2007-06-14 21:30:00,1.30296343
2007-06-14 21:35:00,1.57690715
2007-06-14 21:40:00,1.91692974
2007-06-14 21:45:00,1.33854046
2007-06-14 21:50:00,1.6366343
2007-06-14 21:55:00,1.74998157
2007-06-14 22:00:00,1.59772359
2007-06-14 22:05:00,2.10887614
2007-06-14 22:10:00,2.67339432
2007-06-14 22:15:00,2.19437886
2007-06-14 22:20:00,2.83037537
2007-06-14 22:25:00,2.64242664
2007-06-14 22:30:00,3.32336339
2007-06-14 22:35:00,3.72337443
2007-06-14 22:40:00,3.36811149
2007-06-14 22:45:00,4.63056563
2007-06-14 22:50:00,3.41149313
2007-06-14 22:55:00,3.41332322
2007-06-14 23:00:00,4.30275286
2007-06-14 23:05:00,3.83835878
2007-06-14 23:10:00,3.91347976
2007-06-14 23:15:00,3.80811644
2007-06-14 23:20:00,3.53808362
2007-06-14 23:25:00,4.0538765
2007-06-14 23:30:00,4.00513295
2007-06-14 23:35:00,3.74436595
2007-06-14 23:40:00,4.87415303
2007-06-14 23:45:00,4.69883595
2007-06-14 23:50:00,4.15459784
2007-06-14 23:55:00,4.20400596
2007-06-15 00:00:00,4.69064616
2007-06-15 00:05:00,4.68648783
2007-06-15 00:10:00,6.37105169
2007-06-15 00:15:00,6.45355942
2007-06-15 00:20:00,6.92167449
2007-06-15 00:25:00,7.09756764
2007-06-15 00:30:00,6.2202868
2007-06-15 00:35:00,6.497814
2007-06-15 00:40:00,6.23109586
2007-06-15 00:45:00,4.55451147
2007-06-15 00:50:00,6.51382737
2007-06-15 00:55:00,6.5912286
2007-06-15 01:00:00,6.59646536
2007-06-15 01:05:00,6.98301625
2007-06-15 01:10:00,8.07242097
2007-06-15 01:15:00,8.23397486
2007-06-15 01:20:00,8.18508867
2007-06-15 01:25:00,7.67406659
2007-06-15 01:30:00,6.51698911
2007-06-15 01:35:00,5.74400808
2007-06-15 01:40:00,6.35182557
2007-06-15 01:45:00,5.3175277
2007-06-15 01:50:00,5.22495951
2007-06-15 01:55:00,5.62444312
